feature1,feature2,feature3,target
5.496714153011232895e+01,2.699677718293001050e+01,8.987232587538427708e+01,7.730236335780050183e+01
4.861735698828815089e+01,2.462316841456384253e+01,9.783221993926723314e+01,7.890422151950333784e+01
5.647688538100692313e+01,2.029815184960087038e+01,8.811370118500057913e+01,7.696230759841645863e+01
6.523029856408025751e+01,1.676531611147213141e+01,9.538057705541439191e+01,9.078614001913196319e+01
4.765846625276664383e+01,2.349111656806794812e+01,7.159577999569322060e+01,7.628007262944161937e+01
4.765863043050819670e+01,2.196742692710874678e+01,1.031994056105940842e+02,7.447264136546336033e+01
6.579212815507391099e+01,2.447596610013866325e+01,1.000180821304333705e+02,9.470282948392154765e+01
5.767434729152908801e+01,2.317585900840984792e+01,8.774367053397713789e+01,7.523478567135768458e+01
4.530525614065047790e+01,2.524776357659667525e+01,1.098886850264860726e+02,9.133000513962242906e+01
5.542560043585964991e+01,1.732382394219715849e+01,1.140635520643983796e+02,8.036483130879652492e+01
4.536582307187537566e+01,2.658697032817162764e+01,7.588660203446538333e+01,7.688507559638739508e+01
4.534270246429743167e+01,2.098799802346199783e+01,8.855912832150679037e+01,8.105367059446611222e+01
5.241962271566033849e+01,3.037630436312632654e+01,8.846286475319053011e+01,8.276441817661766720e+01
3.086719755342202021e+01,1.655406090955215959e+01,8.590145348336703535e+01,5.408331698761875117e+01
3.275082167486966966e+01,2.867981901582624715e+01,1.124421226289762217e+02,8.160583381338916809e+01
4.437712470759026928e+01,2.098955391731323772e+01,9.709260791840794980e+01,8.169570368518998293e+01
3.987168879665576071e+01,1.674290998192775959e+01,9.603227738034084382e+01,6.124028921335922604e+01
5.314247332595273576e+01,1.758057082972839069e+01,6.994206453389870148e+01,5.448976302826720541e+01
4.091975924478789040e+01,1.839826345902839932e+01,1.095312704531383901e+02,7.314138261712454891e+01
3.587696298664708650e+01,2.212082973200958236e+01,8.141112407719791122e+01,7.166551839444900907e+01
6.465648768921553824e+01,2.261417744017749953e+01,1.008989894539949290e+02,9.573626235771338600e+01
4.774223699513464680e+01,1.713149998030710464e+01,1.041606540693728817e+02,7.336130788432072336e+01
5.067528204687923932e+01,1.987822703869508700e+01,1.204098789375797622e+02,8.325734411556764769e+01
3.575251813786543664e+01,3.071135179305931828e+01,8.036769401321332396e+01,8.460969309584663733e+01
4.455617275474817518e+01,2.863771585050355739e+01,5.470731766268762186e+01,6.370683219830754496e+01
5.110922589709866060e+01,2.218161834837016144e+01,1.027577431713054210e+02,8.105727404207010522e+01
3.849006422577697606e+01,2.019001739084099967e+01,1.270076677226628021e+02,8.252747274832181290e+01
5.375698018345671869e+01,2.060015663359130755e+01,1.185841952940915576e+02,8.942003024669057254e+01
4.399361310081194887e+01,2.306758986365208131e+01,1.031448912291193807e+02,7.807234828956987371e+01
4.708306250206723576e+01,1.488603717400797244e+01,9.262545721551929034e+01,6.936461808302817644e+01
4.398293387770603147e+01,1.871311731288327351e+01,1.121068389495596591e+02,6.563762263211589243e+01
6.852278184508938352e+01,1.165707963061205277e+01,8.539680700443297212e+01,7.057768651893981371e+01
4.986502775262066223e+01,2.199611561302639728e+01,1.071453665403432893e+02,8.573900613681732352e+01
3.942289071044099558e+01,2.323597969851370593e+01,1.075820523874994024e+02,7.495776653841336667e+01
5.822544912103188608e+01,1.758406768850312929e+01,1.159031486124831929e+02,8.527947147841264552e+01
3.779156350028977585e+01,2.786993381645016399e+01,1.413949005836661570e+02,9.699253500899843061e+01
5.208863595004755354e+01,1.387117168498829400e+01,1.058862395076815091e+02,7.274284984502534712e+01
3.040329876120224384e+01,1.267812559895089919e+01,9.236554561438751421e+01,5.897738263864130914e+01
3.671813951101569273e+01,2.112225909279986169e+01,9.961638531712007705e+01,6.877703343558064830e+01
5.196861235869123163e+01,2.523549151306077221e+01,7.346386142666322883e+01,7.727299802453728717e+01
5.738466579995410655e+01,2.841963845728934501e+01,8.957930303366413227e+01,9.272077080676962169e+01
5.171368281189970162e+01,1.770557868565530057e+01,9.386076342830344288e+01,7.604662966206942087e+01
4.884351717611759369e+01,2.539340416715647919e+01,9.213867403098110742e+01,7.960278945012123586e+01
4.698896304410710911e+01,1.980745765249646340e+01,1.022853230805058331e+02,7.907010965065501296e+01
3.521478009632572537e+01,1.913686350029590244e+01,8.766370101426699080e+01,7.044378550598112554e+01
4.280155791605291427e+01,2.441829968743336110e+01,1.168154600098670670e+02,7.549767019301921778e+01
4.539361229040212464e+01,2.326161439206709858e+01,1.000031059737729606e+02,8.640704553259296006e+01
6.057122226218915273e+01,1.211803921507875259e+01,9.986049518292078631e+01,7.310413305065995360e+01
5.343618289568461677e+01,2.738270174862947925e+01,9.508157925230622709e+01,9.022925698809069672e+01
3.236959844637266315e+01,2.690045677073725727e+01,1.023278602578846801e+02,8.514994004366258196e+01
5.324083969394794735e+01,1.687218649245235369e+01,1.123764739700145157e+02,7.372161734276880907e+01
4.614917719583683464e+01,2.197901766718704408e+01,8.699304676433649774e+01,7.200011881570608807e+01
4.323077999694041296e+01,2.247015093141369491e+01,9.012825266387115164e+01,7.417530343594945919e+01
5.611676288840867954e+01,2.130336882911953467e+01,9.544410956835002935e+01,7.833688930403064887e+01
6.030999522495950771e+01,1.724847423077289932e+01,7.981193614790177548e+01,8.347143041296180854e+01
5.931280119116198790e+01,1.664188316030974235e+01,8.771113210417753692e+01,7.165613955007196978e+01
4.160782476777361438e+01,1.987222964504277201e+01,9.285668689683011223e+01,6.972986012955283286e+01
4.690787624148785540e+01,2.586364509629682118e+01,1.131158377106909114e+02,8.944700870752227218e+01
5.331263431403564113e+01,2.271800077297216092e+01,1.039384199350288753e+02,7.908869643471263089e+01
5.975545127122359190e+01,1.814692833956947027e+01,1.029038486705131703e+02,8.054679068546778353e+01
4.520825762154709793e+01,2.385849355324172194e+01,1.127634694325195852e+02,8.665062821067036225e+01
4.814341023336182701e+01,5.757286896849622693e+00,9.793942317400905040e+01,5.869797432319062125e+01
3.893665025993971796e+01,2.574382850186051641e+01,1.058569727489333445e+02,8.165107686238275164e+01
3.803793375919329378e+01,1.130143110610950252e+01,9.845167370601255641e+01,5.946952575648995776e+01
5.812525822394198372e+01,1.818779529298434028e+01,1.039804352409944244e+02,7.450976248994669504e+01
6.356240028570822886e+01,1.440165052686928071e+01,9.125862013582626275e+01,7.804873287254133629e+01
4.927989878419666070e+01,1.352659262139547103e+01,6.341774262585356325e+01,6.867184868376517670e+01
6.003532897892024067e+01,2.580413393689259749e+01,9.798581256720544275e+01,9.047037713781006119e+01
5.361636025047634035e+01,1.766149399344054416e+01,1.213412220414990941e+02,8.553066011605430674e+01
4.354880245394875971e+01,2.173251940865358023e+01,1.138932310336238913e+02,8.548500760303014090e+01
5.361395605508413809e+01,1.976539710560408025e+01,1.144809622688675574e+02,7.852309075219373824e+01
6.538036566465969202e+01,2.238520413611560755e+01,1.185419608270932628e+02,1.036275893344445933e+02
4.964173960890048676e+01,2.038410945530127805e+01,1.013298638644215544e+02,8.069240429225224887e+01
6.564643655814006706e+01,1.358503887905715146e+01,1.029597356110839286e+02,8.817247011270933399e+01
2.380254895910255541e+01,2.498133409723569898e+01,9.073522156848474651e+01,6.543427688915959095e+01
5.821902504375223941e+01,1.753121708419343605e+01,9.525890715959425847e+01,8.781495478357564366e+01
5.087047068238171477e+01,1.221709050670124519e+01,1.092365672465671196e+02,7.674249159337639981e+01
4.700992649534132539e+01,1.785942419517043689e+01,1.180582665575322494e+02,8.311895267839665280e+01
5.091760776535502231e+01,2.750379895317155388e+01,9.790830586478500663e+01,8.900597665768461297e+01
3.012431085399107289e+01,2.425110871056746475e+01,9.324716102722882738e+01,7.089499109747289651e+01
4.780328112162487741e+01,1.825673932796070531e+01,1.000079193828489537e+02,8.181476186158933217e+01
5.357112571511746069e+01,1.825371147840785468e+01,1.090181012339367186e+02,8.209724635106940127e+01
6.477894044741516666e+01,1.839182474391308730e+01,7.834217775799686478e+01,6.812696472586658558e+01
4.481729781726352257e+01,3.038373991780420624e+01,6.555728570294142799e+01,7.295039021234423160e+01
4.191506397106812187e+01,2.190967726115776770e+01,9.174194725762625069e+01,7.384250011524751756e+01
4.498242956415463567e+01,2.215020823595534694e+01,8.168931361128761637e+01,7.512825366443779274e+01
5.915402117702073781e+01,2.515141727015921091e+01,9.237789703529033147e+01,8.718913797878903438e+01
5.328751109659684460e+01,2.119394579513256716e+01,9.778329521773792976e+01,8.750633301674720599e+01
4.470239796232961282e+01,1.870478927089648380e+01,9.320127386465479447e+01,6.300181894544390104e+01
5.513267433113355764e+01,1.901825075457511005e+01,1.217870130170611844e+02,8.764228165870106579e+01
5.097077549348040293e+01,1.964199370292968183e+01,1.049011714690348072e+02,7.143623550403049194e+01
5.968644990532889238e+01,1.981388881745079189e+01,1.045071153941624260e+02,8.877058762927497071e+01
4.297946906122647448e+01,2.363814771818490001e+01,1.093331071606510250e+02,8.218315036842039945e+01
4.672337853402231644e+01,2.025972942903649709e+01,8.291750323328847116e+01,7.464666541196208982e+01
4.607891846867842389e+01,2.366320038607789655e+01,1.155866768113040308e+02,8.179188793807506386e+01
3.536485051867881424e+01,1.959641709945708854e+01,9.886353570196810381e+01,7.725451114756710069e+01
5.296120277064576243e+01,2.039317595158045293e+01,1.100572092586181867e+02,8.917819862509912809e+01
5.261055272179889641e+01,1.000899657733946135e+01,8.392214150439767195e+01,6.641043622008554337e+01
5.005113456642460790e+01,2.458163837351240844e+01,7.669361850975903394e+01,7.688403265003769604e+01
4.765412866624853194e+01,2.173244237948996371e+01,1.122683448703754294e+02,8.648578507610049826e+01
3.584629257949585934e+01,2.499005054929826031e+01,1.056461428914627447e+02,7.607058697640790967e+01
4.579354677234641002e+01,5.518723109031553165e+00,8.646922668463734851e+01,5.973778741750582810e+01
4.657285483473230414e+01,3.044187352390363799e+01,8.695505378087958093e+01,9.415059625193399029e+01
4.197722730778380651e+01,1.930205185922413236e+01,1.168815217662215389e+02,8.456858521472325663e+01
4.838714288333990510e+01,2.554091408368758209e+01,8.215882160699007386e+01,7.584230247515502299e+01
5.404050856814538406e+01,1.480047036437234453e+01,1.246400942988394434e+02,8.397993359733685281e+01
6.886185901210529892e+01,2.306386952531284962e+01,8.649068898028197339e+01,8.158907191171941520e+01
5.174577812831839196e+01,1.473292218413171994e+01,1.095758788841257427e+02,7.928711090623336588e+01
5.257550390722764178e+01,1.688115519652097518e+01,9.507072286376522641e+01,7.731937211288125411e+01
4.925554084233832697e+01,2.957015676933393067e+01,1.090478114662351459e+02,8.347722028657959470e+01
3.081228784700958556e+01,1.904658799618326626e+01,9.183828996828711411e+01,6.000461728984903687e+01
4.973486124550782961e+01,2.108716436589861587e+01,9.755810640891559160e+01,7.802376530078808514e+01
5.060230209941026658e+01,2.435033865344377091e+01,1.006137876309358177e+02,8.320139498741427531e+01
7.463242112485286839e+01,2.247840943986302165e+01,8.496718816327791046e+01,8.373307366215139780e+01
4.807639035218877410e+01,2.075209452571788304e+01,1.111123651813018824e+02,8.421931180810732087e+01
5.301547342333612534e+01,2.182480501233112591e+01,9.230179650292622284e+01,8.164540972204584079e+01
4.965288230294756744e+01,3.201707792619137649e+01,9.657100126989972466e+01,9.124688938398074356e+01
3.831321962380467738e+01,1.971190601483207416e+01,8.508475938087231327e+01,6.455736734317069647e+01
6.142822814515020724e+01,2.100549523357483750e+01,6.156499511807034253e+01,7.963374252036882694e+01
5.751933032686774538e+01,2.525327198003806117e+01,9.713458356099746993e+01,9.648100217322026140e+01
5.791031947043046557e+01,2.552762966478992013e+01,1.361892313241937416e+02,9.802727731098856623e+01
4.090612545205260631e+01,2.593515152780189936e+01,1.117690643184703561e+02,8.204512926915558069e+01
6.402794310936099009e+01,2.319365111014592173e+01,9.971109430398408335e+01,9.221571950511081184e+01
3.598148937207719200e+01,1.428497543634758316e+01,9.605663756187598779e+01,6.215955957948356314e+01
5.586857093800270491e+01,2.816715766150547751e+01,1.003369883921807002e+02,9.113898517714596892e+01
7.190455625809978812e+01,1.426827303490656007e+01,1.082067867276281561e+02,8.923450754784957439e+01
4.009463674869311944e+01,2.151317732619516576e+01,8.228780777036732275e+01,6.100269305935449182e+01
4.433702270397228062e+01,1.622862074990321091e+01,1.167148254200330797e+02,8.324881550214325898e+01
5.099651365087640897e+01,1.967930826703503655e+01,1.107307197316186631e+02,8.269604528701256640e+01
4.496524345883801033e+01,2.164381205151740062e+01,1.107727858856190153e+02,7.962956623411467660e+01
3.449336568933867397e+01,2.160678607725136402e+01,1.065771360821459126e+02,7.470179619090750123e+01
5.068562974806027199e+01,2.210960377117642395e+01,1.002942498654098529e+02,8.177476113416739167e+01
3.937696286273894941e+01,2.806855634529323495e+01,1.100929185395022927e+02,7.774261809034740622e+01
5.473592430635181927e+01,2.226767150756990077e+01,1.088772120061206721e+02,9.422702270136217351e+01
4.080575765766197094e+01,1.877921682354675781e+01,9.468938933588464124e+01,7.155138397920556770e+01
6.549934405017539518e+01,2.482043584144178539e+01,9.139597340654648860e+01,9.216799770901864974e+01
4.216746707663762805e+01,2.594735244462320267e+01,1.015278444289297965e+02,8.743665865341580457e+01
4.677938483794324043e+01,1.386196092431503857e+01,1.232353022724278162e+02,7.188882392207652572e+01
5.813517217369669510e+01,2.298700034924928914e+01,8.141339386519149457e+01,8.344336416068108520e+01
3.769135683566045003e+01,2.350586371155448973e+01,7.798712101371339145e+01,6.911064572131566308e+01
5.227459934604129188e+01,1.851218248320003923e+01,1.024714126185477454e+02,8.332719631450747499e+01
6.307142754282428143e+01,2.687853406655809607e+01,1.007633155278402768e+02,8.338281220787646930e+01
3.392516765438772097e+01,1.924972206483736770e+01,1.026001249655561196e+02,7.034681629345919873e+01
5.184633858532303918e+01,2.062788226735771246e+01,1.036592979686274987e+02,7.876031412515921204e+01
5.259882794248423465e+01,1.913464087858065099e+01,9.665196618047792754e+01,8.041788763285303787e+01
5.781822871777310269e+01,2.007789523790733810e+01,1.223479515790312320e+02,9.205719505492574228e+01
3.763049289121917695e+01,1.451862456552399117e+01,7.598644032285227468e+01,5.549539854698392816e+01
3.679543386915723602e+01,1.279974558702852860e+01,8.757254462829631336e+01,5.646830570662152837e+01
5.521941565616897662e+01,2.797252531612485882e+01,9.845117859776428304e+01,9.015876494397696206e+01
5.296984673233185958e+01,1.576519325840836139e+01,7.535216783268748486e+01,6.352559448948615994e+01
5.250492850345876406e+01,1.504303825271846407e+01,9.736218393351893496e+01,7.772268381230784939e+01
5.346448209496975323e+01,9.233049431981426025e+00,1.249220524859202754e+02,7.344248010940144411e+01
4.319975278421509302e+01,1.680519126155248699e+01,1.003132973244394321e+02,5.732515400669416294e+01
5.232253697161003458e+01,1.338455103296250925e+01,1.034605135857802480e+02,7.138677351798506265e+01
5.293072473298681047e+01,2.821007580068184595e+01,8.109752852241129517e+01,7.945399277981515240e+01
4.285648581973632076e+01,2.504908544671317117e+01,9.075457887940783053e+01,7.055714003244159471e+01
6.865774511144756787e+01,1.655924827411138267e+01,9.437205429514094135e+01,7.632445358208686059e+01
5.473832920911787880e+01,3.126217902672154381e+01,9.523427354865648908e+01,9.400110386038657850e+01
3.808696502797351258e+01,2.490882743495797058e+01,1.192246569250565358e+02,9.134467665469443887e+01
5.656553608633829811e+01,1.837584308245688902e+01,1.083653659108768750e+02,8.440931188470536028e+01
4.025318329772678538e+01,7.502971425632134483e+00,8.332813064594452612e+01,5.109607961232661921e+01
5.787084603742452060e+01,3.145471286295370916e+01,1.036975716764800666e+02,1.000698709330542471e+02
6.158595579007403842e+01,1.305213766618201987e+01,1.074733262274517784e+02,7.640208941159600897e+01
4.179317681648289806e+01,1.177300626521554072e+01,1.171022355778190018e+02,6.668186475403007307e+01
5.963376129244321788e+01,2.511285216004820242e+01,1.237081102985256109e+02,9.129292298667220962e+01
5.412780926936498105e+01,3.219876203169636142e+01,8.477358712258197215e+01,8.237535117573412435e+01
5.822060159994489936e+01,2.692136409255259011e+01,8.783713733184492867e+01,8.581746037779180369e+01
6.896792982653947490e+01,2.281954560026179735e+01,8.113633211628075514e+01,8.699858671806877908e+01
4.754611883997129240e+01,2.297377170832643145e+01,9.648970211339528191e+01,7.980537775392149058e+01
4.246263835642510287e+01,2.426707779390153874e+01,1.069953756166950143e+02,8.037059057616610858e+01
4.110485570374476794e+01,2.379464294893382714e+01,1.148100177488365290e+02,7.882027441176003890e+01
4.184189715034561630e+01,2.140595711984687810e+01,9.886073464536215738e+01,7.930754847102255667e+01
4.922898290585895609e+01,2.052100551975938103e+01,9.520228715117734453e+01,7.121472462226101641e+01
5.341151974816644099e+01,1.968703436050238764e+01,1.022763698837311068e+02,8.489325164102280041e+01
5.276690799330019388e+01,1.623017705566661917e+01,8.747285647554966204e+01,6.709043831148130721e+01
5.827183249036023938e+01,1.859662461566612990e+01,1.313430808254215947e+02,8.709261384484076984e+01
5.013001891877907212e+01,1.153521592902307269e+01,7.588508459322912358e+01,5.433886799910757759e+01
6.453534077157317483e+01,1.950830186602625105e+01,1.027711086834358696e+02,8.400195449562068006e+01
4.735343166762044120e+01,1.505704446424541310e+01,1.303540932884446022e+02,8.572795946982797943e+01
7.720169166589619181e+01,1.448205341392114498e+01,1.001019976683999602e+02,8.858804967239323958e+01
5.625667347765006099e+01,2.089947075576739266e+01,9.714941447497758986e+01,8.724463654837936133e+01
4.142842443583717227e+01,2.696001143172299663e+01,9.463831865784359820e+01,8.406843426300893896e+01
3.929107501938887737e+01,2.459158303001156298e+01,9.729412477356387967e+01,7.282532543512563450e+01
5.482472415243185537e+01,1.214749698188411386e+01,1.205927271201479556e+02,7.651323046888346369e+01
4.776537214674149112e+01,1.505185931714831327e+01,6.682207133005739763e+01,5.809054300737862064e+01
5.714000494092091742e+01,2.470385593994107865e+01,1.230015055194448905e+02,1.017679557744184109e+02
5.473237624573545190e+01,1.508756303230845219e+01,7.864064271324782851e+01,6.307951334348066297e+01
4.927171087343127454e+01,1.887683425001487691e+01,9.600021506148377171e+01,8.055660950212417504e+01
4.153206281931595356e+01,2.275026049512275961e+01,9.356133369552007650e+01,8.059951346300515240e+01
3.485152775314135454e+01,1.515827772568182397e+01,1.088282990465608009e+02,7.741228786993754341e+01
4.553485047932979057e+01,2.052687753072979859e+01,7.602813472174378262e+01,6.815968572991630481e+01
5.856398794323472146e+01,1.332987252540897671e+01,1.069325899912291362e+02,8.091922879737768426e+01
5.214093744130204300e+01,1.699316178024393054e+01,1.303646443493027789e+02,9.697991534442878958e+01
3.754261221288011541e+01,2.159890967071268619e+01,7.955238993110783952e+01,6.546750630595914799e+01
5.173180925851181655e+01,1.203503133234165290e+01,1.028455925141559391e+02,6.348641874465087653e+01
5.385317379728837039e+01,2.220237368980199477e+01,9.007026733305086452e+01,7.119046535678302234e+01
4.116142563798867116e+01,1.990181100536659287e+01,1.063883080928955422e+02,7.994293859760956877e+01
5.153725105945527929e+01,2.276244977208573772e+01,1.002872166612362861e+02,7.375397921430848669e+01
5.058208718446000063e+01,2.111957067032330571e+01,9.037769636433534970e+01,7.588624204122895378e+01
3.857029702169376861e+01,2.682070214986921997e+01,1.073180842730661055e+02,8.585198230780457607e+01
5.357787360348283556e+01,2.062612251323953672e+01,1.270652216468011488e+02,9.058572799581877177e+01
5.560784526368234282e+01,1.785297229437373545e+01,9.713644312409051906e+01,8.049564664323766294e+01
6.083051243175276568e+01,2.061148751516141786e+01,1.107963691322227362e+02,8.949940125274117975e+01
6.053802052034902914e+01,2.271649014518193965e+01,8.060090563193254809e+01,8.810339919053957658e+01
3.622330632042908860e+01,2.024430035162852093e+01,8.565345434772986266e+01,6.333926798279374992e+01
4.062174960084877284e+01,2.020295845601941309e+01,1.070860941682056620e+02,7.329527750581671341e+01
5.515035267208659775e+01,1.649004156096622253e+01,1.222617404280394737e+02,8.017845111126048607e+01
5.513785950912208733e+01,1.668549541224525967e+01,1.053342002317849051e+02,8.334274337810387578e+01
5.515047686306047581e+01,1.298697364100153351e+01,9.530412954215267973e+01,7.625283860535319036e+01
8.852731490654721824e+01,2.874788371593469805e+01,9.998937108135031337e+01,1.110140558333928595e+02
5.570890510693166675e+01,1.378068382304357442e+01,8.124388399045423625e+01,7.468190667270403083e+01
6.135565640180598734e+01,1.653547401102046166e+01,1.090677298953305012e+02,7.735051164584479011e+01
5.954001763493202759e+01,1.640796367215401119e+01,1.132349959348511419e+02,9.176618456226185572e+01
5.651391251305798136e+01,2.447462188472220745e+01,9.321864500750379534e+01,9.320828912900806529e+01
4.684730755359654353e+01,1.852525160853986108e+01,9.294936778360747098e+01,7.721687602835707764e+01
5.758969220493267471e+01,2.623871036336866780e+01,1.039881734447807276e+02,1.003867451157982487e+02
4.227174785462428019e+01,1.663254687878065852e+01,9.344920395939107038e+01,6.084657533127737850e+01
4.763181393259991125e+01,2.139497081111900911e+01,9.900801078061266480e+01,7.657003449251331517e+01
4.514636452170896774e+01,1.582326473370121356e+01,1.314958268374977308e+02,7.733333068913547947e+01
5.081874139386322753e+01,3.072574563886693966e+01,9.629461448881005481e+01,9.477604642900168130e+01
7.314658566673509199e+01,1.406200790485243601e+01,9.462489771968166963e+01,7.658446793708424138e+01
3.132734807408251854e+01,2.154910355113513631e+01,9.028687291547261395e+01,7.239613591973264306e+01
5.686260190374513712e+01,2.316888440466049204e+01,1.111628795724990511e+02,9.643550682919843098e+01
3.387284128810348705e+01,2.206899548725749227e+01,9.728163740172846019e+01,7.607972094969926502e+01
4.528068134210566598e+01,1.907356170561145703e+01,9.025940442517861584e+01,7.402519116364766205e+01
6.088950596967366380e+01,1.935089650133286909e+01,1.198195604840951773e+02,8.467233022716108337e+01
5.064280019095463103e+01,2.021905735989554742e+01,1.212940450677045590e+02,8.173822761703651452e+01
3.922255222070693748e+01,1.926498999185755778e+01,9.099364651391942971e+01,7.627545258124169436e+01
4.284696290740031799e+01,2.481939558397454704e+01,7.200190072959075849e+01,7.670407139287350162e+01
5.679597748934676105e+01,3.105261500795675644e+01,1.151127053475538276e+02,9.999984076159991275e+01
4.269633368282863728e+01,1.721254107496083208e+01,8.973055261359994006e+01,6.683283418661784481e+01
5.216458589581974792e+01,1.315098510210461136e+01,1.118593839874415323e+02,6.529225090111097529e+01
5.045571839903814038e+01,1.955858975824372692e+01,7.044844273432246951e+01,6.447843763628608826e+01
4.348399652394182624e+01,3.289854668827159401e+01,1.133889600744896313e+02,1.047940377459423189e+02
7.143944089325324853e+01,1.598162716015134599e+01,8.183242106078827760e+01,7.304512150203238718e+01
5.633919022318011116e+01,2.819558402722033819e+01,1.109614617859978694e+02,9.624013358615921732e+01
2.974857413342392931e+01,2.838850407038220425e+01,1.002140960175465096e+02,8.404194062241055008e+01
5.186454314769427754e+01,1.723205879146002673e+01,8.569090870905033341e+01,6.604340139630281215e+01
4.338213535231611928e+01,2.284491539592637821e+01,9.389445530609829405e+01,7.819685511700463110e+01
5.852433334796224074e+01,2.814198311564268806e+01,1.102947768543505163e+02,1.008105571566107841e+02
4.207479261567299034e+01,1.810436129506256364e+01,1.015884167967285094e+02,7.330165151046637106e+01
4.885263558533100792e+01,1.898209819948819188e+01,1.087661947070872657e+02,9.417670932251135696e+01
5.504987278980457432e+01,1.709159543025678119e+01,1.296466087677322889e+02,7.858583724713913909e+01
5.865755194170121456e+01,1.492621634653566609e+01,7.653637582433422892e+01,7.549479098341306837e+01
3.799703592944223374e+01,1.675361227466996539e+01,1.242581886245293674e+02,7.551630059470156198e+01
4.665498764159051603e+01,1.388029866618871822e+01,1.015653390628481958e+02,7.431305471325956091e+01
4.525054688839043848e+01,2.017041734129612962e+01,8.651823927515307844e+01,7.499178179479272899e+01
4.346670767426287796e+01,1.615013384470679014e+01,8.004529561391515813e+01,6.146132214940415395e+01
6.765454240281096077e+01,2.116892955895373873e+01,9.716319413834449392e+01,8.952392687595001064e+01
5.404981710960955610e+01,1.222052176898186460e+01,1.138247516788668889e+02,6.654745292425164394e+01
3.739116045664954413e+01,2.165440116107228619e+01,9.808676319433698154e+01,7.712312808276956844e+01
5.917861947054775840e+01,2.416764480804462423e+01,1.226673239537102091e+02,9.688147302099311275e+01
7.122156197012633072e+01,1.003132178714272271e+01,7.823236464922661071e+01,7.431137736761792212e+01
6.032465260551146713e+01,2.187028284923786003e+01,9.981866578230918208e+01,9.164285708196966596e+01
3.480630034045987031e+01,2.613834496236646032e+01,8.121409833380320720e+01,7.497149282625919398e+01
4.515765927133748647e+01,1.395179490654397370e+01,1.054544782393745237e+02,7.169777409432525417e+01
6.266911149186622509e+01,2.836286193418851553e+01,1.133033108514595000e+02,9.495564163909071453e+01
4.292330534381218854e+01,2.209509504683022740e+01,9.368857309478420348e+01,7.252123483829237216e+01
5.443819428146228745e+01,1.647494072120795749e+01,6.093679215059298571e+01,7.120373675224523424e+01
5.774634053429336689e+01,1.972115461171146933e+01,1.029842222019474178e+02,9.061549949031456208e+01
4.073069528421916630e+01,2.279163456260861054e+01,1.065510782760026416e+02,7.849008041848043149e+01
4.940474643938200217e+01,2.038002695706205714e+01,1.060644213244254672e+02,8.120774570175947815e+01
1.758732659930927156e+01,2.269377996223184724e+01,1.185367328773323123e+02,6.706414724256370619e+01
3.975612358665710389e+01,1.539663203460316865e+01,8.393419480526426923e+01,6.939806290276887069e+01
4.747431848606839822e+01,2.084680412018039064e+01,1.102032415817567426e+02,8.514138078023658807e+01
3.752216818035150681e+01,1.293142751547510017e+01,1.178876126871696215e+02,7.935116809721550624e+01
6.632411303931635871e+01,1.944386969325649872e+01,7.332118623990224648e+01,7.409944063763796862e+01
3.569858622039367191e+01,1.548046179267605105e+01,1.047947773887846523e+02,6.597424098295240924e+01
4.559955513303016517e+01,1.632235028705116520e+01,9.243730253488492110e+01,7.127501828406981588e+01
5.130740577286091053e+01,2.618046587605218889e+01,9.877715990347530806e+01,8.993585759736451735e+01
6.441273289066116092e+01,2.545655060297134398e+01,1.052151472530750453e+02,9.324043315708054536e+01
3.564137848820560350e+01,2.304569060453588492e+01,9.269157153829671358e+01,6.891818397876637903e+01
6.163163752154959241e+01,1.453843617663710575e+01,8.986437881257582205e+01,7.962829346112992823e+01
5.010233061019587097e+01,1.841795775152598935e+01,1.005122862623203730e+02,8.091207729835313955e+01
4.018491348952048980e+01,2.606548849989591687e+01,8.369131091705796166e+01,7.189706571693410808e+01
5.462103474263270897e+01,2.070858456819952309e+01,8.371262306672221598e+01,8.405181977869993659e+01
5.199059695573470208e+01,3.159664769990847333e+01,1.101905992443475526e+02,1.028194490370447909e+02
4.399783122841205341e+01,2.196658919697186008e+01,8.276808947262016147e+01,7.386073197859725781e+01
5.069802084990018898e+01,2.096024558245015612e+01,1.099946875136381834e+02,8.389770068986190665e+01
4.614686403138239967e+01,1.845441767898749319e+01,1.069388693928092664e+02,8.007068290389850063e+01
5.113517345251248258e+01,2.066770452391141077e+01,7.411289906814104711e+01,6.829418652411096957e+01
5.662130674521046814e+01,1.923765081809727917e+01,8.983653021496516544e+01,7.849695081463192992e+01
6.586016816145351527e+01,2.354054338344295161e+01,1.179116410457105815e+02,8.579031073152556530e+01
3.762184501173150863e+01,2.478351158397292053e+01,8.528251703290477792e+01,7.851816974401937443e+01
7.133033374656267256e+01,1.607005269746025178e+01,9.303393606535918536e+01,7.505194481763210490e+01
3.047912200477498246e+01,1.334383523221110934e+01,1.069309133987784435e+02,7.084853644281935203e+01
4.848214904964416405e+01,1.081897313448351738e+01,1.117508576392389301e+02,6.909849910814172347e+01
5.588317206484576616e+01,2.253995663456271714e+01,9.622691670933257058e+01,8.279927409704203001e+01
5.280991867735032486e+01,1.448316696913063240e+01,9.103734707962537698e+01,6.795729429509700026e+01
4.377300480179405895e+01,9.235547035237585689e+00,1.213355479254776128e+02,6.792962885121502836e+01
4.791877749642724638e+01,2.194289302265482178e+01,1.260834949569636763e+02,9.520856558822869431e+01
4.506999065341167210e+01,3.246499758716394979e+01,1.146828707617269316e+02,8.345881037714524098e+01
4.410635243055788379e+01,1.996964544230053207e+01,1.012797721384753658e+02,8.278550931802311652e+01
5.849602097021024605e+01,2.419245387225820920e+01,8.787601417538610349e+01,8.633187678993934355e+01
5.357015485965047219e+01,2.040914679273782539e+01,8.754333390165152196e+01,7.150394551232001561e+01
4.307090404739345502e+01,1.950555173404428544e+01,1.078377115789863581e+02,7.191686561299957248e+01
5.899599875433250418e+01,2.459538241493884314e+01,1.062759733133302547e+02,9.927721540513294940e+01
5.307299520876609478e+01,1.854862727905674191e+01,1.210239788941964463e+02,8.037450960779641207e+01
5.812862118838960157e+01,2.133696157035951302e+01,1.097567513880420904e+02,8.182893734205904934e+01
5.629628841923612015e+01,2.160848903098006701e+01,7.745379547360272454e+01,8.300104240069860850e+01
4.171004989077927405e+01,1.665954773178475534e+01,1.157792142658437768e+02,7.727301088471404000e+01
4.439818959803030651e+01,2.496021174768261375e+01,8.502909059028380057e+01,7.297044819063744114e+01
5.747293605123261528e+01,1.912520121652295657e+01,9.424043092071472927e+01,8.104196363868136643e+01
5.610370265433464709e+01,1.622127420253577768e+01,1.037530030937754191e+02,7.351451788014149713e+01
4.979098406035851809e+01,2.268254921785201716e+01,1.299350123467594642e+02,9.659916178774254547e+01
5.117327383308781918e+01,1.550766009104481391e+01,1.466487783400804119e+02,9.349731735218747986e+01
6.277664895788424815e+01,2.014090578684564292e+01,1.091008458870427376e+02,9.094769618337943484e+01
4.408428611164170263e+01,1.995440501677898126e+01,9.725205071919418742e+01,7.697134959794897213e+01
5.547097381170037522e+01,2.542947782915788935e+01,1.080175847272082592e+02,9.946207634333899250e+01
4.797807347566106273e+01,2.237349116439976271e+01,1.133148313881075353e+02,8.483010718848362330e+01
4.782318796772779734e+01,1.987486520627427922e+01,9.518998561664211877e+01,7.040905728928166241e+01
6.098776851987189929e+01,2.408883149600143625e+01,1.269281703386848363e+02,9.972630272090465553e+01
5.825416348988029824e+01,2.695103774508656613e+01,1.034510613878710359e+02,1.029338807030909066e+02
5.813509636000638636e+01,2.278905153175931275e+01,1.074661463363709117e+02,8.358045645309638871e+01
6.305478807154329246e+01,2.005176309921690248e+01,1.099888637808169278e+02,8.677885505560708168e+01
5.021003841632759190e+01,1.344081883824920176e+01,1.063237991592168328e+02,7.521337175233514927e+01
5.681952971294963817e+01,1.467443168462313707e+01,1.125841075070441804e+02,7.952479088510715144e+01
4.689733243406544005e+01,1.847387647822666068e+01,9.074120220179615615e+01,6.792816074955699435e+01
5.324166352488442300e+01,1.695243898920358561e+01,9.162547369080954240e+01,8.006068993788173316e+01
4.869856945632315615e+01,1.906514348507277035e+01,8.349768650542458204e+01,8.387696647196257516e+01
5.096995964992718342e+01,2.028324962448553492e+01,1.065925184593033919e+02,8.278329220725679249e+01
5.595157025436913756e+01,2.264846377178365344e+01,1.116840475526817045e+02,8.413881447044946071e+01
4.181779316766527188e+01,1.964750610970454403e+01,1.068665929922782851e+02,6.880107918789420296e+01
7.092387275685460679e+01,2.243250821913100879e+01,1.251173865002130583e+02,1.012060420975543309e+02
3.993982618500297832e+01,2.032237207405060175e+01,9.991605971756429483e+01,7.985096421321279081e+01
3.785811387212267931e+01,1.012266716823064350e+01,1.100311248338876879e+02,6.646143372058132570e+01
6.158110873500067584e+01,1.530332303090622759e+01,8.362448685791028424e+01,7.422986885736662543e+01
5.791662693962936004e+01,1.927956222139192377e+01,9.419350446288397904e+01,7.740548121540365401e+01
5.624119817052154957e+01,1.395152628579446130e+01,1.104330663634866596e+02,7.253153237366967687e+01
5.628345509264279656e+01,2.299964364998102440e+01,1.127365316611471542e+02,9.373601605626718936e+01
4.987753227153085334e+01,2.765375416171848855e+01,9.559049578503726252e+01,9.136927797226672965e+01
4.102745628514168175e+01,2.609380925848658350e+01,9.892601122212899156e+01,7.377545368593976605e+01
5.075804558193726024e+01,1.893278564534896091e+01,7.723189379978785496e+01,7.921712859622715541e+01
4.322838288487888292e+01,2.745363068424975950e+01,9.464456198790085750e+01,8.582227296437940822e+01
5.975119733417751178e+01,2.074333728601055782e+01,1.133557474527967912e+02,9.577230087186943308e+01
4.852942618497861105e+01,1.831457014440980302e+01,1.086280752415984949e+02,7.211998109583504402e+01
4.174502803207488455e+01,1.693298668229530080e+01,1.075099858207181427e+02,6.661597300393005128e+01
4.678614158347006935e+01,1.848765156755935735e+01,1.007466053077144039e+02,7.505738771628409722e+01
5.412931454275624077e+01,1.805911590729385807e+01,1.001059473794226449e+02,8.128130270843351468e+01
4.436275447196025112e+01,2.085208111187743896e+01,9.009518290789829109e+01,8.321423355723734971e+01
4.177779604433568750e+01,2.080286990524932378e+01,1.104824263030380251e+02,8.252746436845409050e+01
5.243687211491912592e+01,2.001523010076707365e+01,1.063145941658408447e+02,8.091768404407213211e+01
5.244966571108722775e+01,2.218469084873174779e+01,1.073802827198919942e+02,7.992870065165985238e+01
4.493056824628870061e+01,2.595323137393170754e+01,9.210947735998630037e+01,8.739200784345402440e+01
4.528961694381677461e+01,2.474777067720661705e+01,6.769985620193133968e+01,6.782856301638216223e+01
5.232049937357636082e+01,1.257551015775048242e+01,1.164572906763054334e+02,8.433039185284199846e+01
3.551915658502675655e+01,7.230394325490225427e+00,9.281743815987394441e+01,5.285935968303127908e+01
3.592536225623445034e+01,2.467159955619636946e+01,8.705836353935319494e+01,8.163902002044807205e+01
4.281555778747564034e+01,1.316560650792289522e+01,1.104021836787099033e+02,7.372181825715466630e+01
4.786552848288152973e+01,1.887617299053658115e+01,9.411981040121305853e+01,7.413513750323627960e+01
5.310907565598004965e+01,1.414943486970320308e+01,1.158990457606993232e+02,7.570659154071302055e+01
6.475356216949552390e+01,1.099009781209990066e+01,1.092550892436504597e+02,7.663688584563237782e+01
5.857659623202019361e+01,2.270731364102394068e+01,1.102535398480071649e+02,9.175471990151717705e+01
4.840061470036572899e+01,2.379577580151323346e+01,7.951066433199198968e+01,7.699422009268492673e+01
4.980983792097310925e+01,1.711744799636640124e+01,1.181791597807959988e+02,7.793054745002149275e+01
3.997470635362191160e+01,7.044788539275451456e+00,1.039187579685078475e+02,5.878856976290568070e+01
4.981486864007609938e+01,1.726877775873758480e+01,9.446084291130695476e+01,7.436110565251098592e+01
4.711341361079861656e+01,2.195902002701273403e+01,1.021508270101337672e+02,6.990910846878065854e+01
5.322718560338089588e+01,1.260544215612935659e+01,7.335647150652519599e+01,6.603790541494673505e+01
4.172769056447677372e+01,2.091679959889577844e+01,1.061297921722100597e+02,7.290433632899230076e+01
5.519346514241172486e+01,1.992345075413502187e+01,8.455942737726893199e+01,7.110603967331982744e+01
6.532738913002577874e+01,2.289645749800544294e+01,7.970994571234697901e+01,7.561570554076996586e+01
4.891239851543142692e+01,2.059790184207076535e+01,7.716461220673163268e+01,6.335360264088066629e+01
5.401711722098941237e+01,1.513465529559222134e+01,1.166903256248488816e+02,7.340000513709857444e+01
5.690143991711112648e+01,2.598285750832245711e+01,9.056104909460816543e+01,8.325335890877249767e+01
4.598779528114163639e+01,1.920735213486515036e+01,1.230059156487474894e+02,9.271079058466608558e+01
5.224092481810416899e+01,1.986347730245034171e+01,9.196297805421554017e+01,7.491613020878114071e+01
5.012592400781795021e+01,1.533366020463402002e+01,7.438963063610580662e+01,6.666899397164169727e+01
5.097676098548831902e+01,1.778358874404244716e+01,8.325213340077010571e+01,7.380673393835776608e+01
4.226990216144533719e+01,1.557598642986549464e+01,1.185371743001040841e+02,7.604261301767174075e+01
5.024510174258942641e+01,1.913526970038288511e+01,9.766152733094999405e+01,7.699611540740920645e+01
5.497998291245449565e+01,2.855854240071171546e+01,9.177569055264098097e+01,8.331648068487737646e+01
6.451143607795042101e+01,1.314049428534321784e+01,1.024002733877918132e+02,8.599903093912067220e+01
5.959270826085207062e+01,1.193219301061629523e+01,1.075267410425131800e+02,8.540899127410897052e+01
7.153182457511556436e+01,2.735585163746804227e+01,1.167609822385369114e+02,9.520793545346707276e+01
4.232652437111950405e+01,1.895338161424066925e+01,1.217274884483938990e+02,7.530542370273482788e+01
5.872320636720678522e+01,1.665463630670041795e+01,9.460347031316371158e+01,7.632915613370796848e+01
5.183342005738352043e+01,2.519952343698038177e+01,8.010928470876942242e+01,7.536623459114808554e+01
7.189802933217671921e+01,1.697192230131567925e+01,9.379802258315085339e+01,8.698455596989175831e+01
4.191701714644848664e+01,2.913004856773468276e+01,1.039042075987432980e+02,8.344446812209579889e+01
4.160278157819223566e+01,2.338962935669634646e+01,8.554361610684082962e+01,8.535731118821699681e+01
4.400607354555977935e+01,1.756044295927148724e+01,8.564273627657435384e+01,7.472113217859595125e+01
2.876104275690192935e+01,3.078654106632751564e+01,1.051568182232482798e+02,8.393428627817954180e+01
4.474244978319239152e+01,1.697142538498330921e+01,9.927021472644322841e+01,7.765293108810779188e+01
4.240867338446302170e+01,2.371047686004653343e+01,1.004919549311737939e+02,8.533399752542604233e+01
5.150393786476207936e+01,2.149646290203245869e+01,8.862256997949896231e+01,7.531475796837845849e+01
5.341755975777159193e+01,2.650870644699399037e+01,9.654398928691348658e+01,8.340133817864280275e+01
6.876170839215886588e+01,2.780755598363426273e+01,8.613650283597543478e+01,9.398158754208141374e+01
5.950423838186050318e+01,2.016002074532883270e+01,1.133529761668717981e+02,9.225821755787609391e+01
4.423096344337596975e+01,1.623291064826908325e+01,1.155287400208562900e+02,7.694889849913485591e+01
4.101585328651641760e+01,2.229986071469558340e+01,7.230718206642859514e+01,6.107493170986649034e+01
5.491919171506505393e+01,1.661142315123947100e+01,8.605733709711384449e+01,6.919638254839982494e+01
3.679766792979357604e+01,3.006693623763311507e+01,7.755206117364880924e+01,7.737491148417927889e+01
6.831458765854353032e+01,2.068267665541368672e+01,9.024964098389652634e+01,8.567307008930801260e+01
6.179440120721287144e+01,1.817339224343945503e+01,9.874843045314459289e+01,9.219251131562619150e+01
4.530824347895295290e+01,2.092340152932454345e+01,7.825532170452204639e+01,6.430886037402756017e+01
3.286865470909122422e+01,1.326436855235151668e+01,8.617210280312029624e+01,6.073114666748289636e+01
6.353872374165412396e+01,1.514192980744674344e+01,8.494063941877752200e+01,8.286743500703785514e+01
4.885460154747381978e+01,2.600206953972212887e+01,1.031090099409841656e+02,9.791973593081269200e+01
6.237816311973461580e+01,1.671552860514302097e+01,1.010401650555437527e+02,7.953777828678224182e+01
3.405572341205633080e+01,1.476544508659030086e+01,8.917393669994119421e+01,6.395572408351988969e+01
4.400624977046226860e+01,2.268326376263642885e+01,1.026523130820909699e+02,8.286753711101536624e+01
5.005243699718182881e+01,2.592852077331498606e+01,9.179979873119101796e+01,8.465779170369265216e+01
5.046980593764742196e+01,2.359476655332533568e+01,9.592517334510920080e+01,8.183194883015035259e+01
4.549934528520756061e+01,2.498023842902908243e+01,1.251017813544780495e+02,9.243637011128232928e+01
5.622849932347498481e+01,1.621602455715269642e+01,1.201069157768552174e+02,7.094432343727885382e+01
3.932379570617405307e+01,1.289094666629078034e+01,8.050628144608603520e+01,6.269326573677493286e+01
4.857620514978706439e+01,2.750666825977743457e+01,1.124459862681876245e+02,9.166078988539257466e+01
5.120295631711898920e+01,1.838660080578932110e+01,1.121709483173738846e+02,8.020430913682751850e+01
5.514438834058748995e+01,1.874583491772476407e+01,8.277605066871072381e+01,8.513432225077445992e+01
5.711614878088889924e+01,2.664097070924528765e+01,1.122816646563229028e+02,9.083706854448290358e+01
3.875357908162131082e+01,2.278115004700330104e+01,1.230689787761882883e+02,8.161948328474595371e+01
3.465885829264377804e+01,2.227943886040803889e+01,8.316182790633379796e+01,7.897107066173532530e+01
6.277676821898509019e+01,3.082501172450541915e+01,8.623745768478605100e+01,9.008932896008558089e+01
5.332314011979591584e+01,1.678240884809928701e+01,1.152649220026525398e+02,7.862936086373015598e+01
4.251513463443446028e+01,2.463920064040618740e+01,1.040724296623847209e+02,8.131120986726581634e+01
6.551151975522523685e+01,2.028506562448542283e+01,1.082721441285928563e+02,9.378315427622071354e+01
5.115674634292858514e+01,2.134296139431628347e+01,1.051088382460074513e+02,8.376159085521263137e+01
6.179297184063826620e+01,2.764234213206265878e+01,1.058604388139221584e+02,8.936230138720965499e+01
5.067518481410108677e+01,2.253917878144811837e+01,8.010291807533374708e+01,7.375463955175246156e+01
7.060747924881987103e+01,2.269148039524816340e+01,1.157097655993217273e+02,9.420967361244319704e+01
6.755340842443203542e+01,2.536253668654901006e+01,1.175438498864166093e+02,9.908879797588457450e+01
4.751035851520926201e+01,1.817523635228557310e+01,9.655913883897957817e+01,7.666242282519034745e+01
5.971570950954355794e+01,1.580395166330496792e+01,9.934784575279206820e+01,8.071797925601522650e+01
5.645375949585147168e+01,1.477595402989483198e+01,7.703338746166417650e+01,6.018798205205677476e+01
6.368631557532349063e+01,1.016821705311999047e+01,1.077138213402675291e+02,8.167886959129026536e+01
4.035076539419895880e+01,3.028103564970161088e+01,1.085808616257121599e+02,9.034972819443818537e+01
5.686051459998439128e+01,1.448395817139158481e+01,9.906713474501033545e+01,8.245380776713471960e+01
6.058424486849587964e+01,1.889373188207114040e+01,1.168653003980575420e+02,9.024518244860392713e+01
3.241260513576885671e+01,1.861593350055539631e+01,9.498884153530089236e+01,7.254869001781999316e+01
3.816741487334225269e+01,2.153703348904550552e+01,1.084690888884040021e+02,7.980160084729756420e+01
2.960767822239899516e+01,2.407868606269648382e+01,8.470503491961827081e+01,7.584090164333449025e+01
4.730593165555442425e+01,2.430236744179872588e+01,9.964671773688642986e+01,8.532107525909050594e+01
5.717542255795962092e+01,1.708461280715530961e+01,9.738468613145745678e+01,7.781507625478890589e+01
6.502357052096027701e+01,1.916439143106794418e+01,1.033796188306141204e+02,9.788511422918031712e+01
5.074094780419775219e+01,2.141289975244149701e+01,9.445709606749962006e+01,8.384826803667802153e+01
6.628615545571291534e+01,1.875654436908226330e+01,9.802791106492497875e+01,8.792802639525473296e+01
3.619898541785108392e+01,2.803672788009996353e+01,1.123907075716225989e+02,7.907925635384060570e+01
3.296617560644845213e+01,2.245487475819125578e+01,9.344853644142673943e+01,6.502196035816405129e+01
4.944452301103380876e+01,2.367438893024908708e+01,7.590134348891980665e+01,7.736550867920101382e+01
5.384065448939307430e+01,2.331440634333706186e+01,1.262437585630813146e+02,9.349834841446660505e+01
4.967305251905906971e+01,2.586736928742662656e+01,1.207218111803572924e+02,8.902329993350709003e+01
2.932557899960123393e+01,2.090510779351853543e+01,8.061605957341572548e+01,6.463865022210787004e+01
4.910879960487211804e+01,1.351584026022076657e+01,1.103456170786779182e+02,8.182022787852233137e+01
3.695530499495146870e+01,2.199843975876320812e+01,9.245537844172984876e+01,7.608940611326202941e+01
5.669672548830038750e+01,1.674321553104085325e+01,1.039523082299658938e+02,7.392087130162529718e+01
5.366598246096847902e+01,1.735691659125121689e+01,1.044133619352024027e+02,7.842775558483170073e+01
4.060120213672644951e+01,2.293182009377546748e+01,9.648388299525517198e+01,7.273911767520752392e+01
4.486133082663306482e+01,2.619141535716817870e+01,8.824351501620405713e+01,7.839491876473674381e+01
3.940786478111048297e+01,2.010635788368030674e+01,8.964188421525611261e+01,6.865604878740022343e+01
4.937320902726828109e+01,2.154416506299481782e+01,8.625712126778135769e+01,7.402851105654229968e+01
5.955142320501238373e+01,2.851107472317618985e+01,8.752266687654332600e+01,8.397012447341363384e+01
4.014273953664456229e+01,2.120376589744284246e+01,9.899232564925966926e+01,7.457531313244065529e+01
5.504046515517844540e+01,3.300841557090197398e+01,8.926360016333872238e+01,9.110637312743665461e+01
4.469742381627558814e+01,2.282754822815772044e+01,1.102307809856892931e+02,6.816376062762249433e+01
4.207127167737655782e+01,1.119618620422091126e+01,1.223086923300389088e+02,8.142852710527336058e+01
4.892969640045442503e+01,2.376670810552266389e+01,9.129920137944935732e+01,8.581850661177257678e+01
3.964757677580625739e+01,2.190579192441389011e+01,1.035910675080306618e+02,7.530655532498400362e+01
4.446350694652817737e+01,2.644876377041372706e+01,1.074952766545439999e+02,8.631294824282674938e+01
3.802122107411151575e+01,2.336590675634979064e+01,1.070800340637891139e+02,7.331543712722442763e+01
6.964725132916389327e+01,1.930772008008113261e+01,1.011393290187413072e+02,9.681330285535602798e+01
5.035263551971728901e+01,1.387850881855317198e+01,1.111402362753958357e+02,8.465904269860675413e+01
4.300274492007414295e+01,1.895488371356987400e+01,1.072337342902098527e+02,7.720082184461648467e+01
5.213979910734222045e+01,1.574739772895349965e+01,8.143506366509052441e+01,7.451494914886919219e+01
4.887671950309169944e+01,1.709738275097638649e+01,1.130373409658390926e+02,7.974285523713885482e+01
4.779030400466776740e+01,2.294289202210304879e+01,1.133093625590011300e+02,7.873580400217822728e+01
5.614166700043425351e+01,2.834952252175703080e+01,8.855070843732127628e+01,8.659635621270365391e+01
5.757507710047305238e+01,2.197335764911490585e+01,1.005690675317140261e+02,8.598592782254840472e+01
4.469498852389472177e+01,1.402058468982407824e+01,1.102499348921660385e+02,6.997443776366884549e+01
4.424181759355320054e+01,2.222301334110070314e+01,9.686029270630957910e+01,7.675334623081513996e+01
4.724948302848356008e+01,2.598315743322825710e+01,1.160946707164901852e+02,8.917593386151717993e+01
2.698078835264415076e+01,1.695108547840309043e+01,1.354580874192904218e+02,7.406473048686559935e+01
3.484808937801447826e+01,1.932991416663541173e+01,8.821020951047526637e+01,6.734429699459971630e+01
6.366874267444524804e+01,2.007344097364598667e+01,7.928433095269338082e+01,7.440477445942281065e+01
6.644967713501283413e+01,1.607550843458879797e+01,1.045572789340731390e+02,8.029755162359522558e+01
4.750963960443621659e+01,2.324140216921929536e+01,1.108234375768921467e+02,7.846861234984905309e+01
5.576556963055766403e+01,1.939525925696109354e+01,9.653700439232846975e+01,8.500727498976168306e+01
5.311250154543536439e+01,2.209766221953513821e+01,1.217989099498155099e+02,7.908488371190287580e+01
8.078880808455238594e+01,1.556253911098949949e+01,7.992091300415125943e+01,8.881367659329360720e+01
6.119574911434576592e+01,1.781270849838294623e+01,1.103937793454741723e+02,9.202300554518888021e+01
4.872082408519233354e+01,2.361190678913885677e+01,9.091208768861659451e+01,7.845742356123466266e+01
4.044459559399574289e+01,1.813583423954116469e+01,1.257906685931094444e+02,6.670681402324360931e+01
3.393553679742427676e+01,2.863481925616702739e+01,1.298877302975217845e+02,8.848931778553266270e+01
5.203463635867223047e+01,1.800181907192698816e+01,8.850015118324978403e+01,7.384862561417934046e+01
4.243649254715696628e+01,2.112342362875942925e+01,9.175664296137129838e+01,6.904035641685661062e+01
3.577746290402325968e+01,2.466295415936544799e+01,1.128938183046970209e+02,7.877632996561806067e+01
4.353427115757473587e+01,1.290817133533484196e+01,9.419304025315727813e+01,7.316582925145311833e+01
3.918451996385604730e+01,1.119595594009611972e+01,9.931883173101643081e+01,6.614769244085699995e+01
6.687141635072563872e+01,1.237171842714952597e+01,1.003808263081361503e+02,7.377319760849259467e+01
5.881639756949450515e+01,2.631292051713591107e+01,7.120490265703514865e+01,7.435717835444373236e+01
4.992027358683382943e+01,1.724070927053776714e+01,9.979243380858643775e+01,7.395163147258931247e+01
6.479944138890026295e+01,3.279099642834125916e+01,8.965408338903739605e+01,9.757785752841867577e+01
5.077368307647618195e+01,1.717876200671305753e+01,9.260315766400341886e+01,7.626329918231135707e+01
4.138715798671736223e+01,2.092275651598518493e+01,1.216544800520322127e+02,7.962064726531227166e+01
6.523124077269656595e+01,2.771054976283937776e+01,8.115239658581114668e+01,9.277149695430819065e+01
5.538910043684659001e+01,3.003046444079561539e+01,1.121980778012196538e+02,1.070663010880450656e+02
3.962753845673543651e+01,3.030751788318198692e+01,9.581555604502287338e+01,8.900496261391428732e+01
4.809661321916392041e+01,2.604183115296571316e+01,9.580359747256248681e+01,8.379914069825569811e+01
4.124381746615242861e+01,2.512031262905731310e+01,1.118555784407756732e+02,8.340720506491121000e+01
3.617200269035663496e+01,2.296263474600591437e+01,1.051007694185333605e+02,7.538802819504606134e+01
5.926177547531641210e+01,2.389180538083319050e+01,1.085591949582929630e+02,9.677201724440664066e+01
6.909416640470129778e+01,1.724407141835733270e+01,1.145227699079929096e+02,8.646023264702081690e+01
3.601432426180858926e+01,1.590900558288846511e+01,9.503037425225015511e+01,6.583319465104541734e+01
5.562969236690570796e+01,1.998312771294524026e+01,9.081644898238374708e+01,7.929552364310768553e+01
4.349357430878173147e+01,1.914907688737535807e+01,8.372274210163303110e+01,6.733358108567354350e+01
4.512874616235303904e+01,1.773385975336362463e+01,8.761884205031567774e+01,6.326832966088706200e+01
4.407606075761130882e+01,2.348193723728357796e+01,1.442364163796308958e+02,9.510215249552355488e+01
4.136009230320183860e+01,2.477652604285255222e+01,1.186701937110518088e+02,8.570791565706261395e+01
5.048521627944826662e+01,2.044203443145923771e+01,7.973388450687967577e+01,7.619441715672196835e+01
4.169049883588962047e+01,2.738765040527631101e+01,8.016313064884644746e+01,7.509136756673447621e+01
5.270456825779838539e+01,1.429155442933247500e+01,1.072279909257773767e+02,8.177465321589662040e+01
4.949761890550863086e+01,1.903170270360141103e+01,1.082089719606695013e+02,7.566567537921763176e+01
4.761051953133590331e+01,1.641588839698597724e+01,1.082332575297604649e+02,8.453450452106872604e+01
4.092436337958402248e+01,1.066731691463470000e+01,9.617566309669453517e+01,5.337747836722069650e+01
4.423228669431667015e+01,1.958659657078650440e+01,9.811818609995650320e+01,7.722936538487354596e+01
5.755391225825756152e+01,1.939126245808358107e+01,1.049181928623903559e+02,8.589908235017931304e+01
5.500917187624380489e+01,2.756724871621065631e+01,1.012883950943999594e+02,8.699401758619025316e+01
4.022444755201448885e+01,2.315405842277388615e+01,6.671049440878697112e+01,7.003221189527705803e+01
5.099332305429226153e+01,1.487906587835397509e+01,9.655300554137208735e+01,7.871503559238331604e+01
5.751387123371789301e+01,2.927046283167094032e+01,8.722890348609529099e+01,7.896606786392233346e+01
3.330594718878628413e+01,2.610516847762676562e+01,1.026281712836276796e+02,8.128135119008763354e+01
5.543360192379935114e+01,2.291048851734307945e+01,1.447788850390511470e+02,8.617669859277631872e+01
4.337376241054153070e+01,1.886757950575083953e+01,1.055122249821145601e+02,7.115332008919008899e+01
5.570598668593159175e+01,1.520280381638260181e+01,9.529705470741403417e+01,8.283130615935385777e+01
4.236740843457483408e+01,1.813896611964473493e+01,1.138270225296587768e+02,7.418966015279845294e+01
3.195117899335480871e+01,2.544374309852092964e+01,1.072403183081381854e+02,7.281077688529910574e+01
3.372457562116836982e+01,2.942293152967304337e+01,1.063014173567776197e+02,8.307054220830171687e+01
5.048084946661381878e+01,2.771621764136094512e+01,1.091027588982350665e+02,1.015702452632283297e+02
5.259722501721481791e+01,1.755575289106862868e+01,1.308481534724431299e+02,7.746155078359257118e+01
4.095683374895591555e+01,1.440191283355494356e+01,8.303667347011126765e+01,5.741516475758054128e+01
5.638592458777373650e+01,2.070443123455601864e+01,1.071044811521718145e+02,9.265678253690376209e+01
3.338479937731040081e+01,1.115780317218574247e+01,8.610428305027691920e+01,6.520156012804982026e+01
4.933920201352683677e+01,2.161583857092390559e+01,1.083326896951337233e+02,8.259125807896080573e+01
3.788983800237543420e+01,1.926198706850665587e+01,8.621970232770858900e+01,6.172995066907505901e+01
4.348163892197840852e+01,1.766981749065879015e+01,9.373949779592373943e+01,8.154566729760267663e+01
5.047398671316413754e+01,1.202648466366602165e+01,9.557365128643139940e+01,7.631308229765670603e+01
4.139586634716047797e+01,2.256800053284858265e+01,1.146372507901706399e+02,8.556544398886090619e+01
4.615444455770174415e+01,1.733649580169044313e+01,1.137768166591362018e+02,7.395205049393315733e+01
6.006292809214440354e+01,1.415041582144855958e+01,8.131423935330423092e+01,7.116108813361155683e+01
4.423108130476850874e+01,5.638688933591753383e+00,1.008240116649977267e+02,5.832737046696951921e+01
5.835692112065142112e+01,1.986242547474681786e+01,8.935630217876240522e+01,8.147451830672849837e+01
3.870293145342381536e+01,2.886125798334872172e+01,8.112242633986997475e+01,8.557671039934804469e+01
5.529804177915282537e+01,2.830629607273935022e+01,9.674474424363444314e+01,9.503708465564098162e+01
6.441568620657901079e+01,1.771451871706864267e+01,9.537275817316270832e+01,7.669021263079690698e+01
2.528355499872710510e+01,1.698893969819109628e+01,1.364007472951828390e+02,8.083121157584540128e+01
4.203104744529522918e+01,2.234387128037511872e+01,1.064943973804104473e+02,8.134214917328667127e+01
5.577072127180539951e+01,1.500807280405854272e+01,7.933573748868644770e+01,7.313109822667345838e+01
4.796954613957007041e+01,2.150895949909732963e+01,9.152838993743586116e+01,8.458674574632560450e+01
5.371145873371308710e+01,2.383040139192345208e+01,1.153207494314409729e+02,8.449053461902921924e+01
4.396014813284179468e+01,2.613466611942153861e+01,1.313266415930488620e+02,9.256053799410908312e+01
5.086589787472900070e+01,1.949922961760023554e+01,7.621025031643063130e+01,6.903782681661789411e+01
4.844322764607920817e+01,1.898163124911517130e+01,7.180113422291432812e+01,6.070061446202483069e+01
6.167782061659806914e+01,1.561008706621719355e+01,1.280644776305767323e+02,8.972390796495729148e+01
5.254420843301213040e+01,1.586559822980069967e+01,1.058442126605635565e+02,8.962186864835807398e+01
5.337602662075202176e+01,1.886760554049236660e+01,8.697560902185449550e+01,6.622143394299442321e+01
4.588123033877532464e+01,2.183682753408088928e+01,1.080194362918365272e+02,8.138923604258833677e+01
4.512393775927506567e+01,2.456792313116624626e+01,6.046378391474683411e+01,7.338532648683494131e+01
4.567441812180378946e+01,1.598410524659827558e+01,1.000506325989574208e+02,7.264871614478795436e+01
5.394452142378296600e+01,2.746344284479760844e+01,1.049173175926462847e+02,9.083794714086380395e+01
4.579015519179736771e+01,1.864438199478715674e+01,1.138640520930674427e+02,7.293146980033438354e+01
5.289774856896413269e+01,1.989316352825781919e+01,8.479156071561193642e+01,7.692207244777584663e+01
7.075400798645438272e+01,1.626394160426088220e+01,1.012853074210503905e+02,8.149550625957571981e+01
5.871124703431692637e+01,7.878798698635291586e+00,8.611863060910619083e+01,5.369616261335990259e+01
4.673976467832159187e+01,2.442022698180524998e+01,1.038307563351147564e+02,8.979634272043017518e+01
6.201213922163944403e+01,2.368421948546216527e+01,8.656980516455463714e+01,9.019000364195090924e+01
4.591924626978448742e+01,1.859336221440893411e+01,9.387848741259668373e+01,7.369350890021736689e+01
2.961875464822146142e+01,2.033495358612436021e+01,8.506276907814655885e+01,6.587552579193244640e+01
3.991913689082596051e+01,2.257969608852049603e+01,1.097670436273548518e+02,8.535690690342184439e+01
3.129208078974144414e+01,1.218727071556728703e+01,1.128767667498499776e+02,6.525549356239686460e+01
4.648486515958691712e+01,1.735473661326852479e+01,9.648069145063878693e+01,7.753241172471389575e+01
5.018418379189551359e+01,2.397132339810913493e+01,1.005735699244004309e+02,8.254233994662959617e+01
6.676437312275282920e+01,1.372855288415375341e+01,7.827112878049683786e+01,7.989770734937970076e+01
5.326927373764162610e+01,2.146778966083314799e+01,9.550485027989819287e+01,8.265136817545345593e+01
4.780899471191136030e+01,1.321709097688297518e+01,9.924693074437382734e+01,7.050934546955676296e+01
5.829405581183489460e+01,2.233214991216763323e+01,1.393118963654496270e+02,9.138887126659332694e+01
2.788864690992114959e+01,1.982179258851258297e+01,8.332049461338755236e+01,6.416140221670048049e+01
5.235614558108565575e+01,1.192434092047245286e+01,1.219626585812865613e+02,7.291630488202348204e+01
5.770865193886966438e+01,2.582369677228585658e+01,1.149528816019871158e+02,9.113721294413151952e+01
3.521413754220158410e+01,1.632704211600975341e+01,1.042095460673520506e+02,6.438550498893749818e+01
6.143754043206929083e+01,1.594873781492809428e+01,1.263793072629270000e+02,8.243987311333032153e+01
5.338496407494414342e+01,2.100284598615471410e+01,1.055815820891029375e+02,9.419422886267341255e+01
4.584712086099198558e+01,2.574318674714357513e+01,1.058373879350189384e+02,9.222329621751597983e+01
5.632781866106284951e+01,1.492089090510801519e+01,9.920319020473681348e+01,8.543177298880338810e+01
7.270692857804395715e+01,2.030839924923985862e+01,1.183535332362794179e+02,9.011512826121581554e+01
5.181866255058495341e+01,2.214408250165286418e+01,1.164470385071632563e+02,8.777261057897935359e+01
5.248220586300335810e+01,2.346552803631572104e+01,9.061484068755680710e+01,7.511665065532710628e+01
4.540639100459755895e+01,2.088220777638612446e+01,8.021129208101848462e+01,6.834675807228235556e+01
4.150155630535208218e+01,1.816486080458338748e+01,9.695529043906513778e+01,6.704456333281275704e+01
5.830335816544245375e+01,1.586204889675640217e+01,8.799942153403530654e+01,8.078388425124730077e+01
4.143916174091133087e+01,2.043071941523187363e+01,9.904713138076967027e+01,7.296943519245601806e+01
5.071566237219392548e+01,1.463930494007196614e+01,1.185615720202620906e+02,8.383536538873202915e+01
4.522342553234883411e+01,5.393247582526964123e+00,9.314047517369814955e+01,6.004635686525880800e+01
5.478979825746392152e+01,2.218279902078833743e+01,9.935764928032637044e+01,9.533974649829981729e+01
5.333662105286948218e+01,2.451967420543097731e+01,1.008703410221259276e+02,7.895580076389106239e+01
6.037539944257899549e+01,8.185337822290808418e+00,1.127264632330792722e+02,8.012421027689623543e+01
4.489983601145252834e+01,1.495134647645031123e+01,6.629665999023092127e+01,6.601273612653955070e+01
4.730125064706628990e+01,2.309577130502598763e+01,9.089949557852054340e+01,7.376850537298533084e+01
4.021236284217692969e+01,3.028747734855849316e+01,1.031692553841920841e+02,9.243759753698208215e+01
4.555706739923888193e+01,2.010396853837703901e+01,1.180011843464029226e+02,8.398437606472390371e+01
5.377300493044852203e+01,1.635998529385432931e+01,9.262146328740692525e+01,7.316754250430449247e+01
5.756988616645352153e+01,1.908551779447579833e+01,7.185170940937189243e+01,6.912339982454929554e+01
4.077834675822374777e+01,2.687438209574092340e+01,1.092956716894920390e+02,8.183158614360266370e+01
5.869605920105659891e+01,1.677017910437732340e+01,9.046956416761555886e+01,8.686217425499538081e+01
6.355637858804951179e+01,1.600403996674873142e+01,8.215500011364457578e+01,7.563295138300401277e+01
5.413434903223701156e+01,1.758628238908983832e+01,9.063481915430163838e+01,7.927180913697409892e+01
6.876795812558066245e+01,1.523335695870643747e+01,9.723211963516226319e+01,7.787914639544897000e+01
4.226210800896426889e+01,2.061335157997397616e+01,9.092883003192680746e+01,6.924646017892075633e+01
3.755345296688582835e+01,2.812339229234780191e+01,6.691650914351396295e+01,7.800967402356417324e+01
3.221279751095721622e+01,2.161539636558014621e+01,1.134559929533069749e+02,6.933379122240921788e+01
6.496044311489183087e+01,1.873823248936856345e+01,1.191231256191808257e+02,8.862696939091608783e+01
5.654365656354057990e+01,1.854094365542227862e+01,1.097728298700925791e+02,8.362294668466596193e+01
4.944415329089544997e+01,1.218404595651671585e+01,8.293471494362775331e+01,6.478020928555636715e+01
5.279968626319820402e+01,2.441554888573579518e+01,9.697762699078722903e+01,8.389632346663744045e+01
3.874510952701623268e+01,1.961081401493598975e+01,9.990218027155812308e+01,7.485528456837835165e+01
7.445751979616827043e+01,1.909760043204687108e+01,1.089819158434286521e+02,9.630473394865802561e+01
5.129221181975227495e+01,3.596553783922430370e+01,1.100251073307712204e+02,1.054854712434733131e+02
5.109394794604892809e+01,2.149376454182842977e+01,8.898739301832256388e+01,7.310669028537620306e+01
5.725766623898692131e+01,1.624104474952407884e+01,1.012299333462034099e+02,7.706629133313938951e+01
5.481009231736713616e+01,1.786821201897228306e+01,1.068592060692286196e+02,8.687847671160358232e+01
5.223884024279131211e+01,2.574222854598377452e+01,1.218373348322014920e+02,9.803453076410599465e+01
4.209525544554688281e+01,2.056635205268882061e+01,1.105675980973708477e+02,7.203323235780595724e+01
5.471468357135995575e+01,1.280861010841316627e+01,1.118358503106327788e+02,7.803582851072663118e+01
6.882024496475034425e+01,2.459614467287601869e+01,1.012573994189404090e+02,8.441158966863446267e+01
6.345420046154977456e+01,1.665927957230503154e+01,1.211568871780525569e+02,8.829997638125853143e+01
6.593186626639396763e+01,2.936648888108772582e+01,1.061464419393924601e+02,1.095384874560498787e+02
4.488784323568815182e+01,2.540024032857324343e+01,8.708368134739643551e+01,7.430985083000597058e+01
4.010395179741419014e+01,1.776339052170624555e+01,1.210505495518778645e+02,7.351159416286004955e+01
4.874213079900351886e+01,2.640508180867556476e+01,1.104685490880854104e+02,9.301787720420234962e+01
5.055724912288694384e+01,2.033927755263701798e+01,9.335433968307276587e+01,6.997805195348148288e+01
6.094191518470948665e+01,2.426386837561109644e+01,9.280760548901135110e+01,8.426610614036627567e+01
3.307535370285180676e+01,2.242366408647237463e+01,1.044486331771114322e+02,7.776286939623494732e+01
6.529550319460614105e+01,1.576821672504563310e+01,1.069477719290137685e+02,8.048251400761495233e+01
4.841992101421010375e+01,1.678225083841268983e+01,1.029593839844680900e+02,7.405662677248584203e+01
4.573118930052579856e+01,2.514980408790580668e+01,1.046696301016432784e+02,8.816717713781802956e+01
3.987895624739832101e+01,1.832612333946729422e+01,1.254993606186457100e+02,8.168836473433643164e+01
3.345143328134230387e+01,1.798175768379001482e+01,1.160731472835232836e+02,7.445986202775317508e+01
5.823170583961914559e+01,1.522438710325323541e+01,1.028595338689753618e+02,7.654736620805587677e+01
5.073317967188403799e+01,2.211799532796730716e+01,1.141196587115122441e+02,8.799438741930124763e+01
3.710039100258946121e+01,3.031262459621572702e+01,8.451214144708690412e+01,7.966032405038087916e+01
3.704921227936384298e+01,1.466233542872863538e+01,1.059689057492021362e+02,7.019910842854585553e+01
4.664215300709872025e+01,2.012109728336379177e+01,1.271395952459966452e+02,8.312361169179500564e+01
6.669021525289392116e+01,2.706110277707714573e+01,9.672931156911438677e+01,9.392437955777614889e+01
4.740408648636395128e+01,1.960179304377142273e+01,8.728549107071373214e+01,6.846005325416173548e+01
3.496857046881893893e+01,2.226185898124866824e+01,9.021866667110408855e+01,7.108907796320791306e+01
4.754256935914055759e+01,1.468803235926560191e+01,8.365550443986417406e+01,6.243857052450402989e+01
4.727276430252329220e+01,2.214153548603824362e+01,8.822857137808445316e+01,7.110456389712290104e+01
2.303113357058428434e+01,1.906427867497725614e+01,9.444237852114956411e+01,6.401872049088666472e+01
4.945705133482187676e+01,2.492864997839931362e+01,7.891649471232037172e+01,7.938155293447452721e+01
4.769065469791321732e+01,2.593693025782375372e+01,1.002342750092440440e+02,8.895429483586119090e+01
5.696206364813418332e+01,3.294781821009306810e+01,1.135341576067997096e+02,9.992303311034318369e+01
6.848956094945344830e+01,2.289816586606787752e+01,8.638365729779619073e+01,8.967794093753080631e+01
6.126565029547757035e+01,2.162898158291083206e+01,1.227892588546265245e+02,9.617836856498804821e+01
4.731111309445169155e+01,2.097192150788668030e+01,1.076618813279139175e+02,8.334429579422202039e+01
3.893474091258329395e+01,1.823416853594655862e+01,1.154587087843608515e+02,7.185771692072506767e+01
7.573359803249860533e+01,2.169241921730845490e+01,9.013248169221793660e+01,9.168426399604076948e+01
5.059218434014488253e+01,1.852299294930485374e+01,1.128178784059992381e+02,8.318974871131133852e+01
5.013929291912945985e+01,2.084230488134807047e+01,8.362099149407029586e+01,7.520260209994322054e+01
4.975874912889996438e+01,2.658798767803979857e+01,1.133537125125476308e+02,8.035868524000660784e+01
5.198084760767854817e+01,1.496728717360179317e+01,1.025775900969029664e+02,7.552689356109972607e+01
4.855639588076057578e+01,2.569939280564522477e+01,1.082987682997717513e+02,9.866975499407229222e+01
4.426337993119763325e+01,2.658557533669932837e+01,8.236608091562722223e+01,7.694400830054125606e+01
4.453141058759607773e+01,1.940965736504460537e+01,8.657395236585092846e+01,6.788909435233023260e+01
4.967246729784001502e+01,9.390725504957027070e+00,1.089584232738007756e+02,7.065937403556564789e+01
4.456575228866235250e+01,1.696089006452783821e+01,8.577477993663698896e+01,6.993026925508853253e+01
4.287154217322835592e+01,2.648497273280554509e+01,1.069480943814868397e+02,9.126584250750896388e+01
5.106430227691896562e+01,1.988565968850559074e+01,7.949293290309631743e+01,6.695348185605064373e+01
4.745022782579144405e+01,1.500348883852544546e+01,1.127226131900000183e+02,7.920298573900122108e+01
6.503992988582689350e+01,1.747612539385891139e+01,8.151215027847236172e+01,8.089707080534316219e+01
2.349030191606988183e+01,2.420310013252276349e+01,1.082844990651928470e+02,7.256348815191738311e+01
6.091506851922461863e+01,2.273366784100689841e+01,1.093844640046900167e+02,9.224671145983604958e+01
6.246085192497628924e+01,1.880533950415152944e+01,8.954842272355637078e+01,8.580864759252867202e+01
2.926609767591850542e+01,1.816587794092656338e+01,1.087303985062709017e+02,7.341279881909464677e+01
4.657312405919651610e+01,1.804120925478089177e+01,1.039066339500033394e+02,7.039290675996770119e+01
4.628559134004208886e+01,1.538794907750748742e+01,9.191737215710892883e+01,7.328433714394012100e+01
3.592488305282178374e+01,2.807687844734720883e+01,8.487167973885688355e+01,7.679275655972202230e+01
4.222183312409124767e+01,1.838839765394330072e+01,7.056061462491130953e+01,6.470954862432854782e+01
3.889424154534171407e+01,2.608579260412748368e+01,1.052447507094954062e+02,8.268948206548093083e+01
6.752270443423623192e+01,2.760658025961225803e+01,7.652795842956916772e+01,8.909642111353225857e+01
5.935678393147460952e+01,2.499155449073980151e+01,1.014301629916196248e+02,9.605584373764628481e+01
6.271555094994158708e+01,1.784189843640975681e+01,9.604827675876626358e+01,8.116394682704631691e+01
5.721672064043234940e+01,2.201865045168304746e+01,1.101871416315729277e+02,8.248915270979186687e+01
3.870948228782771139e+01,1.987902196804541788e+01,9.546931750765203617e+01,6.988271347801531874e+01
4.475479733720226250e+01,1.548149069634935948e+01,9.505828320479362503e+01,7.036614604971082088e+01
5.489374561227918292e+01,2.162179640860801655e+01,1.109780605643244371e+02,9.283252058725179268e+01
3.777872191108054523e+01,1.410480104420098790e+01,1.050258704362617692e+02,7.033835676420416405e+01
5.712998430172387998e+01,2.593839694230781845e+01,1.047423393577416704e+02,8.686109389521860180e+01
4.759674601841864927e+01,1.767691351350803330e+01,1.070390138471278902e+02,8.954832296295178651e+01
4.625179192450402610e+01,2.100579827936419619e+01,7.696641815189340718e+01,7.274665589794696530e+01
5.710959968203491144e+01,2.141643935773070950e+01,1.113518301998047235e+02,9.403702982023079926e+01
5.444263311486039925e+01,1.870547513147961283e+01,1.091870319102040412e+02,8.166542412038080556e+01
4.639033834180919769e+01,2.293346900737637384e+01,8.474975307135254354e+01,7.880705412468924465e+01
6.159329803364248335e+01,1.762548171688737852e+01,9.633879289488697850e+01,8.504620746814421750e+01
3.918936672400102594e+01,2.435648648728621879e+01,9.941039068558552572e+01,8.473655791119091418e+01
5.615935606944263725e+01,1.327010159876625650e+01,9.798254823397401481e+01,7.868540595032415297e+01
5.593101257968383777e+01,2.063189789773205973e+01,1.050078994985280190e+02,8.858713861704369208e+01
4.690453560686009382e+01,2.969464499529142287e+01,1.214705017274677488e+02,9.395155866004952827e+01
5.326133022242117931e+01,1.499834337697212661e+01,1.162265009150924300e+02,7.663789722832456164e+01
3.748886423614696639e+01,1.661127514737574273e+01,8.031671209852891025e+01,6.443601347610402286e+01
5.924027019206901201e+01,2.256953924829457492e+01,1.093310498545907308e+02,9.416853751207055723e+01
4.815097863557011237e+01,2.089790890969798909e+01,1.199339997930311483e+02,8.401957644344894049e+01
4.477276979480960506e+01,2.175315049636779463e+01,1.058021278103380354e+02,8.555666366471950823e+01
6.049009225836888959e+01,2.244593565073831698e+01,1.163647063777895028e+02,9.935266455083815629e+01
4.295656309457240951e+01,2.317360734280885026e+01,1.301840566855114787e+02,8.376022276894316576e+01
3.591538703636440744e+01,2.554849920978111655e+01,1.153556431916047131e+02,7.903798200841954724e+01
3.443370826476096624e+01,2.204909328464256291e+01,1.037396289346259266e+02,7.409577945981264691e+01
5.606009951345639308e+01,1.879371172690728642e+01,1.156763271112713056e+02,8.682346530334432089e+01
3.719570647503716998e+01,2.336286850601365472e+01,1.021733174964533646e+02,7.466245562483571518e+01
6.754794181984364343e+01,2.949940967447607676e+01,1.003585456492743333e+02,1.060418396084111237e+02
2.918070592116277950e+01,1.933683126808713126e+01,9.472878646429401783e+01,6.833352072916640907e+01
6.696456368290037631e+01,1.512735347664679253e+01,1.234512003824816304e+02,8.886770136937452946e+01
5.211017467202618292e+01,2.553540334643486176e+01,8.772357001086997741e+01,7.583509473565327141e+01
4.903286888129607490e+01,1.939809418023200749e+01,1.229855158701717386e+02,7.811072313584041638e+01
4.455080913191050485e+01,9.136652269929818715e+00,1.074979618561055759e+02,6.689382209811174107e+01
5.399136114352070592e+01,2.423710838575210857e+01,7.901040737797087843e+01,6.912035471727996594e+01
4.962365297575151857e+01,1.732335907023038502e+01,1.055147393948713272e+02,8.231746623883397262e+01
6.103301882016521063e+01,1.954733358847919789e+01,6.849960238522564282e+01,7.373242120996374638e+01
5.114227648662039627e+01,2.165990165284507185e+01,1.093826202524655287e+02,1.005932711504376016e+02
5.150301761461877703e+01,2.095249839889533305e+01,1.132784722448348589e+02,9.641762981251478948e+01
4.636387787786144088e+01,2.354725908569519888e+01,9.111466066521919061e+01,7.786580269509312302e+01
4.943054376278932693e+01,1.782256814715078264e+01,1.018532154393337379e+02,7.612663327711914008e+01
5.307801768892058902e+01,2.256552899088041286e+01,1.293123615062542910e+02,9.738925965540322238e+01
3.289831607343374742e+01,1.870226661208041463e+01,9.241379943607094560e+01,7.513188085162485663e+01
3.651814577894286629e+01,2.369405240443751381e+01,8.411638619415099072e+01,6.373670634586166273e+01
5.743264094022715227e+01,2.307683742006526728e+01,1.222249510369389895e+02,8.414413335850015585e+01
5.170865438127941616e+01,1.532280648977702242e+01,1.294388078579619332e+02,7.996316330798882177e+01
4.816016663647320684e+01,2.542991058087515910e+01,1.000554350777177035e+02,8.752629445447142587e+01
5.018433933065393404e+01,1.732018277442976029e+01,1.151719455311253455e+02,8.291234060651825644e+01
5.347581705361670856e+01,2.404028899140572406e+01,1.201221387329632080e+02,9.697175421130344830e+01
4.460240319690638700e+01,2.183643656700670377e+01,8.886273651192423984e+01,6.916525879061197202e+01
4.221695274597687586e+01,2.919091838397561389e+01,9.272041246948197113e+01,7.237298285975937517e+01
5.195845255097681559e+01,1.888267008814073833e+01,1.184631176973210245e+02,8.846743666696431774e+01
4.021627222384967837e+01,1.825341601940901270e+01,1.252752141806276427e+02,7.545381822457777332e+01
5.408252755714471505e+01,1.990290197056133792e+01,1.084432129026153291e+02,7.336527069208737828e+01
3.297416395762159880e+01,1.848410108582862321e+01,8.680278469746917835e+01,6.543415742084280851e+01
6.029155637325644079e+01,2.399970950971025019e+01,1.298059166754916305e+02,1.018530830420213960e+02
5.472597482413043224e+01,1.191844695781706065e+01,9.203543653282052617e+01,6.866546906068546718e+01
5.256029734313875679e+01,1.473158790426822939e+01,9.497293328242822952e+01,7.016069221050727833e+01
5.982690983945514063e+01,1.466098539210403473e+01,1.051350675173443250e+02,7.825034648472617960e+01
6.665474444462576287e+01,2.475153795986787841e+01,1.233124063107216131e+02,9.817002585536690162e+01
6.014370065018130163e+01,2.855306686290962404e+01,1.128096396482833512e+02,9.143818689536637123e+01
3.159125768668354794e+01,1.947775390731264267e+01,1.062229825054286607e+02,6.746242489879338677e+01
3.720423033264298596e+01,1.915589138404994785e+01,1.069493279517715933e+02,7.628038273778196299e+01
4.375181422304321188e+01,2.035026081556590682e+01,1.006527200296519879e+02,7.810042880597877968e+01
5.026091050210833799e+01,2.580939151304095347e+01,1.083720927177775906e+02,8.945365191187069343e+01
5.517659020469123021e+01,1.536323432904712938e+01,6.205659883458545778e+01,5.966541353831091499e+01
4.274256186846534433e+01,2.119184491367392553e+01,9.555088811395302173e+01,7.455924545414895022e+01
5.186766764477078340e+01,2.487598814891214971e+01,1.036198290237517199e+02,7.598564307599120582e+01
4.244617067646677810e+01,2.250547084969922551e+01,8.273478874570739094e+01,7.394247030101162466e+01
4.388482197008051600e+01,2.094790808299371676e+01,1.057948497671734032e+02,8.596264415385257962e+01
3.593338903151777686e+01,2.500523046283570494e+01,9.693293168520817460e+01,6.968218991651365002e+01
4.076766753889096151e+01,6.483838535003814130e+00,1.263321354747323539e+02,6.313444228728099006e+01
3.648315394383666188e+01,2.338937659765453958e+01,1.235952958782228421e+02,8.503295154612128215e+01
4.024126747022667416e+01,1.672962158436288149e+01,9.301291646322755469e+01,7.436426774745447688e+01
6.053641796607839609e+01,1.084683551571771609e+01,9.773743432649956731e+01,7.036451881834958044e+01
4.050601111168057145e+01,2.255601299762490441e+01,9.889078651587411173e+01,7.352620546142291857e+01
7.632382064837391056e+01,2.686829272581478989e+01,9.322510785760566421e+01,8.852677824036598508e+01
5.493317900880889226e+01,1.931275742686154118e+01,1.029253747604219029e+02,8.203670149130539357e+01
5.184836123694874033e+01,2.476437273601469258e+01,8.862576896668615234e+01,9.243953879241655613e+01
4.141642219818786685e+01,2.806139128994322718e+01,8.304076997593710985e+01,8.068090394963031997e+01
5.700309879408991520e+01,2.657457226792023874e+01,1.093406683585040327e+02,9.308184173018187835e+01
4.424362173762226291e+01,2.819982264685696549e+01,1.094429437633271647e+02,9.040489272787255004e+01
5.122009814645361558e+01,2.371063745535946055e+01,8.793526360510011841e+01,8.038793308144518335e+01
7.560084538268795029e+01,2.037716819450796280e+01,1.134303314614389961e+02,9.221705210188457613e+01
4.903940100275350034e+01,1.199017094051415810e+01,9.052633406252002146e+01,7.018220542713827115e+01
6.149273326285675978e+01,1.876968755935025612e+01,1.037974785705697229e+02,8.553804288937837441e+01
4.296823574874112239e+01,1.578376702341904192e+01,1.123051601891868359e+02,7.420425261889774049e+01
4.965011509503037956e+01,3.085471358748906923e+01,9.949581152944431039e+01,8.682262717494410253e+01
6.770800635635509934e+01,1.912057093783831618e+01,1.068211136821170157e+02,9.536256206789242640e+01
4.373032942212232399e+01,2.061602403392242877e+01,9.225355534168642180e+01,7.760397388093956295e+01
6.812448557996928855e+01,2.275742688020233828e+01,9.705300124857853916e+01,8.772245123396450595e+01
5.707751935455475234e+01,2.021801223186226792e+01,9.691210853679488935e+01,8.688313118496026277e+01
4.437533224105732188e+01,2.847525520215376460e+01,8.880132480189641342e+01,8.051051561175606253e+01
5.632407739055521034e+01,1.688675319132774177e+01,9.734838755326326520e+01,7.372064132829468974e+01
5.972554449626729678e+01,2.097303727618621494e+01,7.677072551704380032e+01,7.426311904726880186e+01
5.621809962217196244e+01,1.628764707150975966e+01,9.263269379286842309e+01,6.658869166931775396e+01
3.429775280109543445e+01,1.339988744389647124e+01,9.572686759945493407e+01,6.430451351515098679e+01
4.272862824175131635e+01,1.694115454547357302e+01,9.615730371256930198e+01,6.138516629752298570e+01
4.752481364448495071e+01,1.981481601475794108e+01,9.637753831193832355e+01,7.031122837720469931e+01
4.925566570899953689e+01,1.785348887741369950e+01,9.907353700209806391e+01,6.539614056263296504e+01
5.620672097550678359e+01,1.653789510063072044e+01,1.071916227712909517e+02,7.967597297594306838e+01
5.177701000933253539e+01,1.296841268164083161e+01,1.131177561119878305e+02,7.463432475487226725e+01
3.664655641289898824e+01,1.958447213685652599e+01,9.025352159727599144e+01,6.726722018392830194e+01
5.380197851005963372e+01,1.247639812984498775e+01,8.195198716916283388e+01,6.124537468823975672e+01
5.610585745283822945e+01,2.380027981844801133e+01,8.436933381635346052e+01,7.606289588627956277e+01
5.559790447931040092e+01,2.041219876467251737e+01,9.269195618207609755e+01,8.242302692961791877e+01
6.080780725554621569e+01,1.271224250267534828e+01,9.472118023275235998e+01,7.132218904226679967e+01
5.833922154548903904e+01,1.845395461475068188e+01,8.845005900703813495e+01,7.943116562023750760e+01
5.459180079228436711e+01,1.623921797204708284e+01,8.055825003625157876e+01,6.652419354285304109e+01
4.929834288541353260e+01,2.159587255209590140e+01,9.315818758788716991e+01,7.941698849544340533e+01
3.339039066484008345e+01,2.670225223011572169e+01,1.027213993017095675e+02,8.607070798565210623e+01
5.429618219132585466e+01,1.062413765177127800e+01,1.089254419875334747e+02,7.550551787601240505e+01
5.207687687163111434e+01,2.057513039573708724e+01,9.163865420337518231e+01,7.615812208063020705e+01
5.271578837195373524e+01,1.919933602216679702e+01,9.380503266784849359e+01,7.882460206471120046e+01
3.723251424179690616e+01,2.335670038225232759e+01,8.609952536729034023e+01,7.127082931713728442e+01
3.918943459591737621e+01,2.106598314118844684e+01,9.952841244437834689e+01,7.477182172417195716e+01
6.053152853332903760e+01,1.624015334130590560e+01,8.727357048713777488e+01,7.430796416163042295e+01
4.960444846143344932e+01,1.840473032166691070e+01,1.085969171986180015e+02,7.864529974687546598e+01
5.681500697372624131e+01,1.601987071598255596e+01,7.321200262098832923e+01,7.065541589770955966e+01
5.028318376130461331e+01,2.538003569299299045e+01,9.460555491321306931e+01,7.901250768829807214e+01
5.029756139495745515e+01,2.010655824335971076e+01,1.045166100878761313e+02,7.555223948092333330e+01
5.938283805975997609e+01,2.950595342876503935e+01,1.027575177448375712e+02,8.898310569869325093e+01
4.483955271782625829e+01,1.969669593092689652e+01,1.403955049597074662e+02,8.017310744141909140e+01
5.096120776940983177e+01,1.645796616544768654e+01,1.052470003685186128e+02,7.071784993269533004e+01
4.537724711294957558e+01,1.243142803693586451e+01,8.493918104736984276e+01,6.388540404902942527e+01
4.565503772567684138e+01,1.098430161872027533e+01,9.856803629366390851e+01,6.111515411594250224e+01
4.690827876531360374e+01,1.207932028497255139e+01,7.335630499800322468e+01,6.252428754518031440e+01
5.222133771633713195e+01,2.133563325505741659e+01,9.879100376054859112e+01,8.152429863616485761e+01
4.521251378336522464e+01,2.254362511614966991e+01,8.750415914498861980e+01,6.606733370736853317e+01
6.255756125573520876e+01,1.209404648983933228e+01,1.137308541334024312e+02,8.318577057680398923e+01
4.105392697780496292e+01,2.447519157038057713e+01,9.175689588106698125e+01,8.147825536563780702e+01
4.813128355838640715e+01,1.758469474158280121e+01,9.824851126307129334e+01,6.967251547383968102e+01
4.560268941725824732e+01,2.073396505992774763e+01,9.046663237893395149e+01,7.692305020869756049e+01
6.446977884353732691e+01,2.806110314127712257e+01,1.260827702777999662e+02,9.945055308759519619e+01
5.196554776511574403e+01,2.448419657932765858e+01,9.518135850823132671e+01,8.440656921396212908e+01
6.031844539468634991e+01,1.865734676047083695e+01,1.274883556521880337e+02,8.447205347078975990e+01
3.514439626963027763e+01,1.554403887292356323e+01,1.122122764317740007e+02,6.092319544918272811e+01
5.267050265869259107e+01,9.240922993353475334e+00,1.072310009100307866e+02,6.767957324631487381e+01
5.889630795623436654e+01,1.640423340378789874e+01,1.055309972097628020e+02,8.017388849421733710e+01
5.082283989275423863e+01,1.894434880586152659e+01,1.059069594732437736e+02,7.792832788731107030e+01
6.065480375065351382e+01,1.506410236424408033e+01,7.108491130981585115e+01,6.380964531425161113e+01
4.482711549899627812e+01,1.934371516453847661e+01,9.581674908773865695e+01,7.237154536261020610e+01
6.409347440185580069e+01,2.038425941479384207e+01,1.126773695677648277e+02,9.165753313191362395e+01
7.298898123619250100e+01,1.887572009095960723e+01,9.926654224788842384e+01,8.870085225100162063e+01
4.637161439560340881e+01,1.674998709588270174e+01,7.892215229794638276e+01,6.787494255524092068e+01
4.554497478599228089e+01,2.084327335983363838e+01,9.921393324133795488e+01,7.419801939492671750e+01
6.453384477117700158e+01,2.220970324784704530e+01,1.255615827438323606e+02,1.024456306797354586e+02
6.579572145730712407e+01,1.454800461278576940e+01,1.187033757330207919e+02,8.008561230112881901e+01
4.477139972846731553e+01,2.705466189873135008e+01,9.906993985950951753e+01,8.701007758599772046e+01
4.579813182904142366e+01,1.950705933857869212e+01,1.142717391558713018e+02,8.649851433237634524e+01
4.718215391139492709e+01,2.009424811472423755e+01,9.450239469447922147e+01,7.845943356545480185e+01
3.655549488965722560e+01,2.354107211628278407e+01,7.444192619759921570e+01,6.784699070832355972e+01
4.081348053515802121e+01,2.116608065631750790e+01,8.613301017805667925e+01,6.900445487526212673e+01
3.995859233247931996e+01,2.476568316956622340e+01,1.234433315276229735e+02,9.191155368323728680e+01
4.232202434895871335e+01,2.143562082600912078e+01,9.589010377256043682e+01,6.853591367115006960e+01
4.965315112613218673e+01,1.693781312679780982e+01,9.634924030937473560e+01,6.920610210613766355e+01
5.234214732536520387e+01,2.180751762603050992e+01,9.550242705587679382e+01,7.900303410322364073e+01
6.550500492814076381e+01,1.428136896339669093e+01,1.285620488435951074e+02,9.464702866078494026e+01
4.001645959261209384e+01,2.054279852888261715e+01,1.243893837304309500e+02,8.387524133029893392e+01
5.984322398476583516e+01,1.983385004677769459e+01,1.332817035017220064e+02,8.886651430648151972e+01
4.786011155774490788e+01,1.895941571363730205e+01,9.761432184399923528e+01,7.441411266151246195e+01
4.950536290347567103e+01,1.935731244280534469e+01,1.044343673312064311e+02,7.624015086198470215e+01
5.674819492166604107e+01,1.059075477251180430e+01,7.725036175868812904e+01,6.070916675428594544e+01
3.877277978437701478e+01,1.725637546129519251e+01,1.221540163917741211e+02,8.163469315605885868e+01
5.382409746184050903e+01,2.046422450570557316e+01,8.248330673098097066e+01,6.935539451074370731e+01
5.166452208213055997e+01,2.079928195998700247e+01,1.032516334564394356e+02,8.981079370865339229e+01
5.492451264008148826e+01,1.486162429537020913e+01,8.354046208550734320e+01,7.449949255106031387e+01
5.289168643907817824e+01,2.632853920432350492e+01,9.116699759891956489e+01,9.084449789742166104e+01
7.455300139910895041e+01,1.566912575892749615e+01,8.744106353425449640e+01,7.999707311041753144e+01
4.362260015748684339e+01,2.484728600263368392e+01,9.088187108986272733e+01,7.814290101346711026e+01
4.469003044998182617e+01,2.213597180935842346e+01,9.191315945276531352e+01,6.931637015942706626e+01
4.376859473575235882e+01,1.676886345078098373e+01,9.177596807612384566e+01,6.691641189631650377e+01
4.444522880839745227e+01,2.887655446304756168e+01,1.125000086767046099e+02,9.309275660108293948e+01
4.362612872693482302e+01,1.403181584121760039e+01,8.342705810406219769e+01,7.015967611305417506e+01
6.189016531107552055e+01,2.459577086805000690e+01,1.033081214052079986e+02,8.591666003474790614e+01
6.420504247989855173e+01,2.500291159021489307e+01,1.182693872845833738e+02,9.575930164865582128e+01
4.429253706250523948e+01,1.664689895461677693e+01,9.230205453229905288e+01,6.905666753531986046e+01
4.167644426895770948e+01,2.696232650032164457e+01,8.923121663878596621e+01,7.298343291553818801e+01
5.471415556386403978e+01,1.874976742700523502e+01,9.654213062229624143e+01,8.177618408981916787e+01
4.447776955719028535e+01,2.144346814639928667e+01,1.176958781254106441e+02,7.965985833318443099e+01
5.632931817755510906e+01,2.130160919385610185e+01,1.029116144643003707e+02,8.362312270480985887e+01
5.202923020851299896e+01,1.932845629264726028e+01,9.203178558088602301e+01,7.455855147013963347e+01
3.484255885002767883e+01,2.405404136579890917e+01,1.072581497678205977e+02,7.451688146572031712e+01
6.547505201330061197e+01,2.396744360276106534e+01,8.346561775245365311e+01,8.650291872829690476e+01
6.795877673095522198e+01,1.125734013380909637e+01,1.102203926566442220e+02,7.947626643020167592e+01
4.387211309515613777e+01,2.652170121439076311e+01,1.061291096155265166e+02,8.374154147811159987e+01
4.612298440064015637e+01,1.168754005982162880e+01,9.538287293291674018e+01,6.205909404357934278e+01
5.285865390724904955e+01,2.516273102170828579e+01,8.742121302329152854e+01,8.444859144057670619e+01
5.334456789987024905e+01,2.563352568413791488e+01,8.669978616574813657e+01,9.171053696308649705e+01
5.658544272672830289e+01,1.454516784892400949e+01,1.080222600451886592e+02,7.885303695982518946e+01
7.010204538766349458e+01,1.794592856022707750e+01,1.184347075373359246e+02,9.709714030186064804e+01
4.823052772505950259e+01,1.447147665757032087e+01,9.044038379456807775e+01,6.166204136421724513e+01
4.201702755461545991e+01,1.892539484855632281e+01,1.068758005532722564e+02,7.657053495802584564e+01
3.620680771985473001e+01,1.845982857907129215e+01,6.869459472096896491e+01,5.537673497624827235e+01
4.269069960058080682e+01,2.389830266134669756e+01,9.123073404014201060e+01,7.000790856828953679e+01
4.966873027126202800e+01,2.655154373059804129e+01,9.953411600693647188e+01,8.285959537713441136e+01
6.794557863517788121e+01,2.697841905394977857e+01,8.635474874527250222e+01,9.821281347797830108e+01
4.482388700963828398e+01,1.718915986710848998e+01,8.595240437815606072e+01,7.357473580214437447e+01
5.223787951638898619e+01,1.895389063127736051e+01,8.998330665296670361e+01,7.707362412188933831e+01
4.983577103927247975e+01,1.158280903889524893e+01,1.043828909248955910e+02,6.246862084432955697e+01
6.188393273448083676e+01,1.597064966751905501e+01,9.719006472390438489e+01,7.828236212849490983e+01
7.526932425873621924e+01,2.482425816548728648e+01,6.642653150012542085e+01,8.886023142249916873e+01
4.469131227079679292e+01,2.807791411774115886e+01,6.818949771047400077e+01,7.737368353772296814e+01
4.510560557481777977e+01,1.382825564060038914e+01,9.089702233214237026e+01,5.719684833836832638e+01
6.044160877069072058e+01,1.703767870423552822e+01,1.068652987908032799e+02,7.827401922756962449e+01
5.681891489626311653e+01,1.986797121520536535e+01,5.878742735912148021e+01,6.956686229337084626e+01
6.846707325736034022e+01,2.140080579409803363e+01,9.250404735772553977e+01,9.034717233650141566e+01
5.583928185325963511e+01,1.595198240039177051e+01,9.210628215223867699e+01,6.371326534727181468e+01
4.640707909212940763e+01,2.212030522232044660e+01,1.208250666731267131e+02,8.518480593738796358e+01
5.590654830692309218e+01,1.763080326464541869e+01,9.422467282430704927e+01,7.809288376772292395e+01
6.108703580582907477e+01,1.992773864560860275e+01,1.057448347711139292e+02,9.042831465156011461e+01
5.820482181197364469e+01,2.273142124001849851e+01,1.021188571013119457e+02,9.048006144558978292e+01
5.507274031107297674e+01,2.003211134905468782e+01,6.804150280289198349e+01,7.490021120931373844e+01
6.066674689589153502e+01,1.781807054736715656e+01,1.115231082494760528e+02,8.117228804611949045e+01
6.169295590445672417e+01,1.945195098037084591e+01,1.032309475818443190e+02,7.561809271761013918e+01
6.382158991037527329e+01,1.955818520397332350e+01,1.076240295951188415e+02,8.570256229318427188e+01
5.648709887589642875e+01,1.814994485058936036e+01,1.588935655965449030e+02,1.026997120636617211e+02
4.832881919683145355e+01,1.870601968666448656e+01,6.873830590752118042e+01,7.420039763229162588e+01
5.146713686433322721e+01,2.799323585252358271e+01,1.258704497464166252e+02,1.006393318906088155e+02
6.206508966508356906e+01,2.280459723970619379e+01,9.568828720899466589e+01,8.925125179689628396e+01
4.183064329012763949e+01,1.852259840985419714e+01,1.043099335660451459e+02,7.633361804863223199e+01
5.368673308872901373e+01,2.348477202255367757e+01,9.931731632048136760e+01,8.203969413376943010e+01
4.606661187672639102e+01,1.833090255121994971e+01,9.363645499902935398e+01,7.247102403176783980e+01
5.028744822934817194e+01,2.586562318793320614e+01,9.145250607641861507e+01,9.196357139225116839e+01
6.278451862607298750e+01,2.184821096099047111e+01,1.049426310335951342e+02,8.438011174734421616e+01
5.191099068019903484e+01,1.946348927997885525e+01,7.724239454992481058e+01,8.055829479460084031e+01
5.046436548156148660e+01,2.223858462905138822e+01,1.112586875128264836e+02,8.368594977703004645e+01
3.640143859020081152e+01,1.214561923965750267e+01,9.375708392672119373e+01,6.752974810618115953e+01
5.746253566027220927e+01,1.436616265545097448e+01,8.304895991439462932e+01,6.385127594350797153e+01
5.645484181141075197e+01,1.403037496800472184e+01,9.324980713006279132e+01,7.596833401215312165e+01
7.163254723305459493e+01,2.071471547381853284e+01,1.188572382529386005e+02,9.264725298125300412e+01
4.692221765046998883e+01,2.866257499742545889e+01,9.196997369475664641e+01,7.837085497095159781e+01
5.219150327663938782e+01,3.115650073096315964e+01,1.053768042731443018e+02,9.618926400947349009e+01
5.249383683710755122e+01,2.319025550720378703e+01,8.903565586426789480e+01,8.583328072945852227e+01
6.577453279763474825e+01,2.250422237472228559e+01,1.113688277488543008e+02,8.907827438017292820e+01
4.904704467613047569e+01,1.099471132923630456e+01,1.102826160818530639e+02,6.330688095541271565e+01
5.279021525770339451e+01,1.728663100132989072e+01,1.277291324994461661e+02,8.499858075860664997e+01
5.607896509716539413e+01,1.606108124045880459e+01,9.736654081751176193e+01,7.608556563850088139e+01
5.186609123156357981e+01,1.689576200874441980e+01,1.100298220713685993e+02,8.195850478545817452e+01
4.553566385449471454e+01,1.915928090707605236e+01,1.014710130930841672e+02,8.094824580048630480e+01
5.194089992898307884e+01,1.763954711151436427e+01,1.194380767279452158e+02,8.267225361032987507e+01
6.073631749859772100e+01,1.010350094812106114e+01,8.921751418586904947e+01,7.853513071677615187e+01
3.973484700588939944e+01,2.373955128058766917e+01,1.111750796931592191e+02,8.282858267027411614e+01
5.132969674146875860e+01,1.463628487130096723e+01,9.707954055824977502e+01,7.062011985373595735e+01
4.299879185060827069e+01,2.119623432055574597e+01,9.903717734337253376e+01,6.858819351746865323e+01
6.195046628924842480e+01,3.037041334874986731e+01,1.013762872667255976e+02,9.651931774156089716e+01
3.476813095216225236e+01,1.540307704206788308e+01,1.037836059464001579e+02,6.532090498342695639e+01
4.441078152728411510e+01,7.348562386268351787e+00,9.825656435317063142e+01,6.530215891452262156e+01
5.377211875064520541e+01,1.856997889059944740e+01,1.032206977475578924e+02,8.244866148864358024e+01
6.565524029234340730e+01,2.550479817499285673e+01,1.236717708634327693e+02,9.463806360702986353e+01
4.934249738927012174e+01,2.979173727110296710e+01,1.147817452842282790e+02,9.571712893728229687e+01
4.444800473306801791e+01,1.385225202773791509e+01,1.130373188874534520e+02,7.611555632470080468e+01
6.881157069440590135e+01,2.248349611618260724e+01,9.316690710964194011e+01,9.697620961645382920e+01
3.551986099583756129e+01,1.767344771609973364e+01,8.666138757657513736e+01,6.940400386728130400e+01
2.801194043379918241e+01,1.947025822847932019e+01,1.143295083735662985e+02,7.547336587470205416e+01
5.440014450053332240e+01,3.322171673508517387e+01,1.131407018879469177e+02,1.013087728718287650e+02
4.497945775647389155e+01,1.248514835802423306e+01,1.220900601362647251e+02,7.604048497586268240e+01
3.978767182869286501e+01,2.126869830747286727e+01,9.094029061046155960e+01,7.894588556998314743e+01
5.708356447299352965e+01,2.233846585882716695e+01,9.655677016959479886e+01,7.765108533056955764e+01
5.243800713771199185e+01,2.542893162469673740e+01,7.540773756211848422e+01,7.760884615104284023e+01
4.435921369263271430e+01,2.048991576735447850e+01,9.411293340908690652e+01,7.113854204608659870e+01
3.719695601329105727e+01,2.154025269752051130e+01,1.149485576586917119e+02,8.082711413490827113e+01
5.872457328280144395e+01,1.804175716289104514e+01,9.300256931157703377e+01,8.506427690859703716e+01
5.650201177958660992e+01,2.134563470622553538e+01,1.096071969280123568e+02,8.376305518206228840e+01
4.900824136220617078e+01,1.828403862251294854e+01,9.714245341003282874e+01,6.363618121378128478e+01
6.846636996047665491e+01,2.310785944928025515e+01,1.048608554233234145e+02,9.135976922124930866e+01
3.929915233673847297e+01,1.815194831978183032e+01,8.278462915276499245e+01,7.083467155802395609e+01
3.474474829075261084e+01,2.188550196951093341e+01,1.012781417445085168e+02,7.670656854689137560e+01
4.308091930118755641e+01,1.985368593157510730e+01,5.513296043648914946e+01,6.404570213848353433e+01
4.954413983644501940e+01,2.563025125386084113e+01,9.719655762757022899e+01,8.328737220175418088e+01
5.243339449322692047e+01,1.974303138205756980e+01,7.554290134427290582e+01,6.617605162726547974e+01
4.758763942143669823e+01,1.113483765896559241e+01,1.180899177482022395e+02,7.515907183406007164e+01
5.352055396514296604e+01,2.630960750356995703e+01,1.116611102914676650e+02,8.765873002412260462e+01
3.748460575809556161e+01,1.547133849568690422e+01,1.070000647294912142e+02,8.032841215962172043e+01
6.443764604073260216e+01,1.673116830675590094e+01,1.228150934073907052e+02,9.199328905246316879e+01
4.917848821607431375e+01,1.702169352978253869e+01,8.576625218762744396e+01,6.784191048729468321e+01
6.117295831588127442e+01,2.687219046585408577e+01,1.262104479687333765e+02,9.763931587064240603e+01
5.342725346377704199e+01,9.321628930106522049e+00,1.139828734639057757e+02,7.162972245412012740e+01
5.456753219153783618e+01,3.568874266829996600e+01,9.645167069171580465e+01,9.784824889513485857e+01
5.569767280232203888e+01,2.528028404533025864e+01,1.170343022077441617e+02,9.887963679553034524e+01
5.447708560017314738e+01,2.111619457064579919e+01,8.340559731382549558e+01,7.853173632772941914e+01
5.642722759867543658e+01,1.972552999691856712e+01,8.763228757708489525e+01,7.451577737422283576e+01
6.329152530132431309e+01,2.142777037428828635e+01,9.087115415140449670e+01,9.407263677100836219e+01
5.196521169701470200e+01,2.260561214189669244e+01,9.206533437903976846e+01,8.097548239009643112e+01
5.709003757588511974e+01,2.322607792975028573e+01,8.415163535859620936e+01,8.550600129106624081e+01
4.910264305712773591e+01,2.277802233001724375e+01,1.183462460064298796e+02,8.434768958928971472e+01
6.440117215449473065e+01,2.044790340627624303e+01,9.611718399445253169e+01,8.738880350183723067e+01
4.323607697940730077e+01,1.901330789846337055e+01,1.052875745253531932e+02,7.757583028118162360e+01
6.800940432910815048e+01,1.924363358173244265e+01,9.144472950379478959e+01,7.508223485329068581e+01
4.959842049355656712e+01,1.902545859823659669e+01,7.269095049177224155e+01,7.951342126449708303e+01
3.569224897881952074e+01,2.566885048433532290e+01,1.040508603758713377e+02,8.631722548798629191e+01
5.128104414910789188e+01,2.296778361140430746e+01,7.131617536870334106e+01,7.261073843812017969e+01
4.318948342525118989e+01,5.298056826678598341e+00,9.897048930871797268e+01,5.213220799497602798e+01
5.840643548988724376e+01,2.327950388264880388e+01,7.947527441750784760e+01,8.271901279839229915e+01
4.347376020697608823e+01,2.097368097359387562e+01,1.298091399884621069e+02,8.628152776541129754e+01
4.553816566785220488e+01,1.990645621777051133e+01,1.136704408326208267e+02,8.253630728785310566e+01
3.110459269054469189e+01,1.805740773455557147e+01,1.015863068690722031e+02,6.865496466843113410e+01
4.547693680750923306e+01,2.562056359993006538e+01,1.189556001648200265e+02,9.170102971964631422e+01
2.576120673371043424e+01,2.473763231061428769e+01,8.730526033801396579e+01,7.599386873795558017e+01
3.416097176514276867e+01,1.613561166088195620e+01,1.081521906800513904e+02,7.172939310528836643e+01
5.760414656144297396e+01,2.203526143562267592e+01,1.029971565057807084e+02,8.089525646065320075e+01
5.785800158650832259e+01,1.514171632729356887e+01,1.039603012200050500e+02,8.509996501557021986e+01
5.425457561784964611e+01,1.310190917605534722e+01,1.190853025016015181e+02,8.677824238811314217e+01
4.033023856870786972e+01,1.686641387705017436e+01,1.109873815416970331e+02,8.946131407188367746e+01
4.952288643858020123e+01,2.431196736191379415e+01,1.043308549423753533e+02,7.961759037010126860e+01
4.996397460909431487e+01,2.476562522688043444e+01,7.517668845657556176e+01,7.846815417952772975e+01
3.841635310807457415e+01,2.256542710048646683e+01,8.559930557080804192e+01,6.155598722991852867e+01
6.503398301767150258e+01,2.362547893423998602e+01,9.815936599606413893e+01,9.308112181063901858e+01
5.877362290575671011e+01,2.258089143557479161e+01,1.014005856141497617e+02,8.416305536897915829e+01
4.779035826170336065e+01,1.679259202388523775e+01,8.304694412989114483e+01,7.857760177260607293e+01
5.026885838994530786e+01,2.215961272336970467e+01,1.361751501336763113e+02,8.870543465302628761e+01
5.208382807947552351e+01,2.400204762613841325e+01,1.227459108288035878e+02,8.322222924990862225e+01
2.958265131575709361e+01,2.377145664906787204e+01,1.090317748058872525e+02,7.367028737501355806e+01
4.752822617479402822e+01,2.594456685737321422e+01,1.010805529192561778e+02,7.534432033593603251e+01
4.318015752002201424e+01,2.354151923600531759e+01,9.681686545148272671e+01,8.264045875119875006e+01
3.998379990105084403e+01,2.175724103770791373e+01,8.572122309966647435e+01,6.149154089439326043e+01
4.718899707114044872e+01,2.535075119158213752e+01,1.011622077777829389e+02,8.450635020471946746e+01
6.797686526849523148e+01,1.986739370375470060e+01,1.038662881021412545e+02,7.860013241011463947e+01
5.640842861267010022e+01,1.559062674386141012e+01,8.137359136777563151e+01,6.972355478661822303e+01
4.428821010217203025e+01,1.918466518028117918e+01,1.050126462586734561e+02,8.488638792404813671e+01
5.572582781356158677e+01,1.627548677596775661e+01,9.767111426762876647e+01,7.849807177540971281e+01
